benchmark,panel_status
ae,no_eligible_input
bmw_quark_cardinality,no_eligible_input
bmw_quark_copula,no_eligible_input
cdkm_ripple_carry_adder,no_eligible_input
dj,no_eligible_input
draper_qft_adder,no_eligible_input
full_adder,no_eligible_input
graphstate,no_eligible_input
half_adder,no_eligible_input
hhl,no_eligible_input
hrs_cumulative_multiplier,no_eligible_input
iqpe,no_eligible_input
modular_adder,no_eligible_input
multiplier,no_eligible_input
qftentangled,no_eligible_input
qnn,no_eligible_input
qpeexact,no_eligible_input
qpeinexact,no_eligible_input
rg_qft_multiplier,no_eligible_input
seven_qubit_steane_code,no_eligible_input
shor,no_eligible_input
shors_nine_qubit_code,no_eligible_input
vbe_ripple_carry_adder,no_eligible_input
wstate,no_eligible_input
