run_id,run_order,circuit_family,input_circuit_sha256,n_qubits,listing_model,rule_set,window_gates,budget_seconds,status,valid_equivalent_output,time_to_first_valid_seconds,time_to_best_seconds,first_valid_event_index,best_event_index,event_count,input_gate_count,best_valid_gate_count,best_valid_reduction_pct_itt,cell_receipt_sha256
e32-e77900346adfb6bf62a561dc,0,Adder,0639b3b3f7a5228332fd6ea0cb7de6e464b224d886d779e81c774cab81bfce25,7,LBL,COMMUTATION_ONLY,16,60.0,success,True,1.1778159,1.1778159,4,4,6,10,10,0.0,0b0c8c7ea9189f49baa24a652a5d640c30c29bed3a5be814c8bd339f8f06735c
e32-a464f3e992a153cb29da1cc2,1,Adder,0639b3b3f7a5228332fd6ea0cb7de6e464b224d886d779e81c774cab81bfce25,7,LBL,COMMUTATION_PLUS_TEMPLATES,16,60.0,success,True,1.2038727,1.2038727,4,4,6,10,10,0.0,e9c1920f35b2810e39caf144f6fe4dc01178c49f51d80623189f1bba614f8406
e32-63815766f543b0c5da300f6c,2,Adder,0639b3b3f7a5228332fd6ea0cb7de6e464b224d886d779e81c774cab81bfce25,7,WCL,COMMUTATION_ONLY,16,60.0,success,True,1.2621901,1.2621901,4,4,6,10,10,0.0,1c21da4cdce61f146b06d3857dcb9501aa0733dad620a0005f61e3fb962ecf92
e32-e8d5b296391d394dc65ddc4d,3,Adder,0639b3b3f7a5228332fd6ea0cb7de6e464b224d886d779e81c774cab81bfce25,7,WCL,COMMUTATION_PLUS_TEMPLATES,16,60.0,success,True,1.1950249,1.1950249,4,4,6,10,10,0.0,7cb9e1b6e8f9e91a50364736e53b187588e003f745699da9b88bcccda63416ba
e32-c4dbf5524198036f53e4dded,4,Adder,0639b3b3f7a5228332fd6ea0cb7de6e464b224d886d779e81c774cab81bfce25,7,RANDOM_TOPOLOGICAL,COMMUTATION_ONLY,16,60.0,success,True,1.172535,1.172535,4,4,6,10,10,0.0,afe61ac826d32134396993a8f03d75ddb602718b35f2cf425125ad9189799709
e32-aa587a00a992087ce322b325,5,Adder,0639b3b3f7a5228332fd6ea0cb7de6e464b224d886d779e81c774cab81bfce25,7,RANDOM_TOPOLOGICAL,COMMUTATION_PLUS_TEMPLATES,16,60.0,success,True,1.1718748,1.1718748,4,4,6,10,10,0.0,3694b1b695618d178737c4e8a5921c822d36531acb055ec692019a9058ae1a9b
e32-9c6baf37f33c0b2934352035,6,CNOT,d3e8b51351e86caa6d8939fe0a903f48a089e7d220d46a14b52d6c94e6e43394,8,LBL,COMMUTATION_ONLY,16,60.0,success,True,1.3884869,1.3884869,4,4,7,56,0,100.0,e73cd4d537d7e8817f87186bbafc2ba22153dedcb5f6efc62268417e4e66bf27
e32-c742d11e8c8320d63c426fc2,7,CNOT,d3e8b51351e86caa6d8939fe0a903f48a089e7d220d46a14b52d6c94e6e43394,8,LBL,COMMUTATION_PLUS_TEMPLATES,16,60.0,success,True,1.3217705,1.3217705,4,4,7,56,0,100.0,7e699bf44ca5e4d38a5e615d514af6c41db28989c2c31c04f7e63566d22833eb
e32-f22dbc163efdda7431e666c2,8,CNOT,d3e8b51351e86caa6d8939fe0a903f48a089e7d220d46a14b52d6c94e6e43394,8,WCL,COMMUTATION_ONLY,16,60.0,success,True,1.2563313,1.2563313,4,4,7,56,0,100.0,52e5e3dbe59a342d4d11d1a1010bd66eaf3bbf6c654ba5fef3f69ab78a41c2fa
e32-9deca008323669684e24d8ab,9,CNOT,d3e8b51351e86caa6d8939fe0a903f48a089e7d220d46a14b52d6c94e6e43394,8,WCL,COMMUTATION_PLUS_TEMPLATES,16,60.0,success,True,1.2568937,1.2568937,4,4,7,56,0,100.0,6543649638201bda453ffac25d465cad325ac272b906f72d83cd37a23e7b1e4e
e32-31bf525719146d1178d5d3a5,10,CNOT,d3e8b51351e86caa6d8939fe0a903f48a089e7d220d46a14b52d6c94e6e43394,8,RANDOM_TOPOLOGICAL,COMMUTATION_ONLY,16,60.0,success,True,1.3052059,1.3052059,4,4,7,56,0,100.0,17f49aef6dfc16d18739c9b88fec5aaf59cb5210d2d6a599446c8d1bbf505efd
e32-0fc390fad000630f5e18ce91,11,CNOT,d3e8b51351e86caa6d8939fe0a903f48a089e7d220d46a14b52d6c94e6e43394,8,RANDOM_TOPOLOGICAL,COMMUTATION_PLUS_TEMPLATES,16,60.0,success,True,1.1967269,1.1967269,4,4,7,56,0,100.0,3e149c7e94be8f576fdbef247ffb362712d50d7065a26b12eb5491f50efbe7aa
e32-3ed85309fb070c00fb89abde,12,GHZ,587577f385cf54a3edd3cc639b3ac8cc5aa139f2ef414827515ddc7be4c12104,8,LBL,COMMUTATION_ONLY,16,60.0,success,True,1.1094054,1.1094054,4,4,6,8,8,0.0,e27db4bf7e2e80c73d060b8b3842d5327263669d42e4832e55ff6285f8188009
e32-f44bf55813b684a08c864021,13,GHZ,587577f385cf54a3edd3cc639b3ac8cc5aa139f2ef414827515ddc7be4c12104,8,LBL,COMMUTATION_PLUS_TEMPLATES,16,60.0,success,True,1.1729104,1.1729104,4,4,6,8,8,0.0,594a323d459148081ac8dcd2bd19c21a1f7fd9c46a37cc018eecd754ee9c0774
e32-5812e998cb8fd8e4b7d01f0e,14,GHZ,587577f385cf54a3edd3cc639b3ac8cc5aa139f2ef414827515ddc7be4c12104,8,WCL,COMMUTATION_ONLY,16,60.0,success,True,1.1024664,1.1024664,4,4,6,8,8,0.0,a255ac7112b75d4d641df8bed002f405d26d3dbecf27f64e9eb3ef82f549ca60
e32-829050fa06aa3aedc215a719,15,GHZ,587577f385cf54a3edd3cc639b3ac8cc5aa139f2ef414827515ddc7be4c12104,8,WCL,COMMUTATION_PLUS_TEMPLATES,16,60.0,success,True,1.1680051,1.1680051,4,4,6,8,8,0.0,2c58ae624bc3dc34b11abbee5f673f66bb01e9aba756c52294ca6b1c3aeab432
e32-06b07ca4666cbfcb780f3c4b,16,GHZ,587577f385cf54a3edd3cc639b3ac8cc5aa139f2ef414827515ddc7be4c12104,8,RANDOM_TOPOLOGICAL,COMMUTATION_ONLY,16,60.0,success,True,1.102925,1.102925,4,4,6,8,8,0.0,7797b7ff9e74fc8647941dca1c3818d3e3bd67b72c6ff9bd04d05c938223eb02
e32-693f4e1d4a68334b1437ac99,17,GHZ,587577f385cf54a3edd3cc639b3ac8cc5aa139f2ef414827515ddc7be4c12104,8,RANDOM_TOPOLOGICAL,COMMUTATION_PLUS_TEMPLATES,16,60.0,success,True,1.0867515,1.0867515,4,4,6,8,8,0.0,f957e82d730d3935efff369ea67777685ad7c1c84571814819125073b05ed847
e32-805cf7aa1b4d5294d895c2b2,18,Grover,0a54b71bfd47499f18a2421cd6bf97c15dc3f348b2d97f00df878dc6173f5324,8,LBL,COMMUTATION_ONLY,16,60.0,success,True,5.3991505,5.3991505,4,4,7,1130,1114,1.415929203539823,92e1c51704851dafd8c44712d35854206628451de8ef640222d2de9c73ca0b0b
e32-f67a12cec7bbe23193cf0f0d,19,Grover,0a54b71bfd47499f18a2421cd6bf97c15dc3f348b2d97f00df878dc6173f5324,8,LBL,COMMUTATION_PLUS_TEMPLATES,16,60.0,success,True,5.5891125,5.5891125,4,4,7,1130,1114,1.415929203539823,e7f3bd0d2f74f52f70a4170c4d8eba05eb8befb687ba7482d7ccf80a2a7d96cb
e32-123b409cbb489770de8dbb52,20,Grover,0a54b71bfd47499f18a2421cd6bf97c15dc3f348b2d97f00df878dc6173f5324,8,WCL,COMMUTATION_ONLY,16,60.0,success,True,5.2666095,5.2666095,4,4,7,1130,1114,1.415929203539823,38dfdc6303d0a05c42d8b32af74311eec7f529e82a4c6d7e25d768b281f9ad49
e32-fcfbb5269f6588c054f9ce90,21,Grover,0a54b71bfd47499f18a2421cd6bf97c15dc3f348b2d97f00df878dc6173f5324,8,WCL,COMMUTATION_PLUS_TEMPLATES,16,60.0,success,True,5.1852932,5.1852932,4,4,7,1130,1114,1.415929203539823,5b52b60b4aafd707bfd2bb453ec109a52f0ece53572dd746f5a44b0e7858169e
e32-8134639cc0f3e4e62dbff59f,22,Grover,0a54b71bfd47499f18a2421cd6bf97c15dc3f348b2d97f00df878dc6173f5324,8,RANDOM_TOPOLOGICAL,COMMUTATION_ONLY,16,60.0,success,True,5.5848526,5.5848526,4,4,7,1130,1113,1.5044247787610598,d53b7b2975703d6e832c85251fcc09aefa0bf83ed9237e926f95c9f7afcb1817
e32-3f764e57744e7b81b8111a40,23,Grover,0a54b71bfd47499f18a2421cd6bf97c15dc3f348b2d97f00df878dc6173f5324,8,RANDOM_TOPOLOGICAL,COMMUTATION_PLUS_TEMPLATES,16,60.0,success,True,5.7565629,5.7565629,4,4,7,1130,1113,1.5044247787610598,5513d0d3775fe99ae0e805feb24ce3a69dbbdcaee85ddbe4fc9aea80b142f229
e32-74f0db148ae4fc418fa1d3c7,24,HaarRandom,01a23834d951decd141adabe1307f2ad87488faaf5ff243ee1ed65f08cf396e8,4,LBL,COMMUTATION_ONLY,16,60.0,success,True,1.2214291,1.2214291,4,4,7,275,273,0.727272727272732,75a0a10cb106b870e10e1599a8a899724aa10e28e98dc48cbd0e4336920f8e85
e32-aefbb26a05c7df35ec9d7404,25,HaarRandom,01a23834d951decd141adabe1307f2ad87488faaf5ff243ee1ed65f08cf396e8,4,LBL,COMMUTATION_PLUS_TEMPLATES,16,60.0,success,True,1.2372285,1.2372285,4,4,7,275,273,0.727272727272732,d420423f9dbbbde65138b3be67ae825e93c434adc7fc4c5b64297c83ad369d56
e32-1bc76c3e6bc9ede4b286c005,26,HaarRandom,01a23834d951decd141adabe1307f2ad87488faaf5ff243ee1ed65f08cf396e8,4,WCL,COMMUTATION_ONLY,16,60.0,success,True,1.3887496,1.3887496,4,4,7,275,273,0.727272727272732,4948ccf8ce4a8bbf39e739ea7f9541bf541b3a99e2759f5b294bd0d2e804c0fd
e32-9b9b7180c68d291721cd1461,27,HaarRandom,01a23834d951decd141adabe1307f2ad87488faaf5ff243ee1ed65f08cf396e8,4,WCL,COMMUTATION_PLUS_TEMPLATES,16,60.0,success,True,1.4626953,1.4626953,4,4,7,275,273,0.727272727272732,449b8fdc9b4c5618ed717cb1fb233f11ae42a7ca7cb73c9351577b74422506cc
e32-e687f92593e2851fd5e81722,28,HaarRandom,01a23834d951decd141adabe1307f2ad87488faaf5ff243ee1ed65f08cf396e8,4,RANDOM_TOPOLOGICAL,COMMUTATION_ONLY,16,60.0,success,True,1.4603102,1.4603102,4,4,7,275,273,0.727272727272732,d963273fda7f2eef0431d192fee8c55c59df5d30b196b55aea4d129b619ab696
e32-095ac2954856a81ed1c044fa,29,HaarRandom,01a23834d951decd141adabe1307f2ad87488faaf5ff243ee1ed65f08cf396e8,4,RANDOM_TOPOLOGICAL,COMMUTATION_PLUS_TEMPLATES,16,60.0,success,True,1.2775018,1.2775018,4,4,7,275,273,0.727272727272732,af95139567e5ff047407ef6864c58e63ee049370b33546a6e0490ea99b307074
e32-f5b3e94f568c1c37f0cb1ff7,30,HardwareEfficient,146c3e821e8145d085eb90027904fa7f60f9de8430825fefc368f5c286fa991b,8,LBL,COMMUTATION_ONLY,16,60.0,success,True,1.3135224,1.3135224,4,4,6,46,46,0.0,41578e0b7b944f17474b715970dd65b0da29e5e32d79a3a192ab3613066f2333
e32-6bd350f75003c7d146a0a496,31,HardwareEfficient,146c3e821e8145d085eb90027904fa7f60f9de8430825fefc368f5c286fa991b,8,LBL,COMMUTATION_PLUS_TEMPLATES,16,60.0,success,True,1.3695948,1.3695948,4,4,6,46,46,0.0,ddc62f64267d579636157f4029095d1d46fcd6cdc54f22c2203e197ab7312cba
e32-28507f342dee592642319d15,32,HardwareEfficient,146c3e821e8145d085eb90027904fa7f60f9de8430825fefc368f5c286fa991b,8,WCL,COMMUTATION_ONLY,16,60.0,success,True,1.3199724,1.3199724,4,4,6,46,46,0.0,b0fec02ffc0ee35ed407b6808890a849fd90feb3e2eb2719a415bea2bf1bb033
e32-431b08d47cb07e2da95405f3,33,HardwareEfficient,146c3e821e8145d085eb90027904fa7f60f9de8430825fefc368f5c286fa991b,8,WCL,COMMUTATION_PLUS_TEMPLATES,16,60.0,success,True,1.4590586,1.4590586,4,4,6,46,46,0.0,3f8a17ff09e3a14e4d1c17924464077f53bd7c518803dcfe955f70ed1338c636
e32-9ff3ff15131f19a177405557,34,HardwareEfficient,146c3e821e8145d085eb90027904fa7f60f9de8430825fefc368f5c286fa991b,8,RANDOM_TOPOLOGICAL,COMMUTATION_ONLY,16,60.0,success,True,1.5574719,1.5574719,4,4,6,46,46,0.0,d6d88401d331f70c1f6719908ee268ea090e25050a487a07dc6b7160407c0ad7
e32-cad3975dac8f68157c9382fa,35,HardwareEfficient,146c3e821e8145d085eb90027904fa7f60f9de8430825fefc368f5c286fa991b,8,RANDOM_TOPOLOGICAL,COMMUTATION_PLUS_TEMPLATES,16,60.0,success,True,1.2840745,1.2840745,4,4,6,46,46,0.0,493785cbfc32a32978efdbebe5d74f6e861167960c6233a8995eed55361b9a60
e32-62983418c99c555e9d12b511,36,IQP,0ea94971bc42ea5f21350b8ee791f5ddd3a86cabd0502a4f2ecd331789793740,8,LBL,COMMUTATION_ONLY,16,60.0,success,True,1.2149038,1.2891896,4,5,8,45,28,37.77777777777778,816abbf2c91cd3032541779a6f72787ae11289239ad7cb39b16c224130cd924f
e32-9baa9175de0d5dea061f25ee,37,IQP,0ea94971bc42ea5f21350b8ee791f5ddd3a86cabd0502a4f2ecd331789793740,8,LBL,COMMUTATION_PLUS_TEMPLATES,16,60.0,success,True,1.2507356,1.3218076,4,5,8,45,28,37.77777777777778,2fd9f3a461e00f9debf7c1737b304d1315837cccdf8b3ec5323d080cc4a336b2
e32-7e21ac3c5824cafa1b9afbb0,38,IQP,0ea94971bc42ea5f21350b8ee791f5ddd3a86cabd0502a4f2ecd331789793740,8,WCL,COMMUTATION_ONLY,16,60.0,success,True,1.263206,1.263206,4,4,7,45,28,37.77777777777778,f3d35450ec6382d9705774e23d88d5e1cf8dfbc6c476cc773797daae7a979e88
e32-c4da9af50d3d460b929c0696,39,IQP,0ea94971bc42ea5f21350b8ee791f5ddd3a86cabd0502a4f2ecd331789793740,8,WCL,COMMUTATION_PLUS_TEMPLATES,16,60.0,success,True,1.4979611,1.4979611,4,4,7,45,28,37.77777777777778,55639cdc30138d3f19efc4a2ded122165ea3f977d2d87eba5724bb5eb101977e
e32-9e9fd08c9d27974ce3589006,40,IQP,0ea94971bc42ea5f21350b8ee791f5ddd3a86cabd0502a4f2ecd331789793740,8,RANDOM_TOPOLOGICAL,COMMUTATION_ONLY,16,60.0,success,True,1.4102215,1.4102215,4,4,7,45,30,33.333333333333336,b466cd37ed5616c6fc6d48b486f470fb9e2a90f02ba5b7957e3999075d850427
e32-7d9dd4c93d483fc889a89eff,41,IQP,0ea94971bc42ea5f21350b8ee791f5ddd3a86cabd0502a4f2ecd331789793740,8,RANDOM_TOPOLOGICAL,COMMUTATION_PLUS_TEMPLATES,16,60.0,success,True,1.7105511,1.7105511,4,4,7,45,30,33.333333333333336,eb3c36f9131616ea2df51ab270eed5eb4b6179c50688b5109e2f7e5a1a07254d
e32-a398fa40572f59d0c9158dfd,42,Oracle,50b395729f861742949308b817a01e0a10080914e86479b908b73eb2a45bdba8,8,LBL,COMMUTATION_ONLY,16,60.0,success,True,1.2296094,1.2296094,4,4,7,20,10,50.0,bbc1e5be14d853f62d73baa81b934248386346f213e6c00c0d08d2c5e86c1ef2
e32-883c6a2927850ade7f362c7b,43,Oracle,50b395729f861742949308b817a01e0a10080914e86479b908b73eb2a45bdba8,8,LBL,COMMUTATION_PLUS_TEMPLATES,16,60.0,success,True,1.1883075,1.1883075,4,4,7,20,4,80.0,ef278c6a2ba19697544b1fe208cb5399eb72b7b12905e935f2fe274e81939fb8
e32-01f24f79f2ebdda2ce15b3b9,44,Oracle,50b395729f861742949308b817a01e0a10080914e86479b908b73eb2a45bdba8,8,WCL,COMMUTATION_ONLY,16,60.0,success,True,1.2571848,1.2571848,4,4,7,20,10,50.0,9d3ae20d02f8b559d8db253be2aacc36096f659500425dad7bda5c8c5c0fbedb
e32-9d8ee65b85eb47889befeb6d,45,Oracle,50b395729f861742949308b817a01e0a10080914e86479b908b73eb2a45bdba8,8,WCL,COMMUTATION_PLUS_TEMPLATES,16,60.0,success,True,1.2571427,1.2571427,4,4,7,20,4,80.0,31f65021b15045ac7a0a76525595e7bb85fab04317886174a67cc690802a3fc5
e32-7b813ace0f2652ac0f9d3ee3,46,Oracle,50b395729f861742949308b817a01e0a10080914e86479b908b73eb2a45bdba8,8,RANDOM_TOPOLOGICAL,COMMUTATION_ONLY,16,60.0,success,True,1.187877,1.187877,4,4,7,20,10,50.0,2a8c555f2390aa18a87937260aef67bce9558a3ee69730e9b0cd2b9919d13d84
e32-9a5acf65407b7cb94e20d7ed,47,Oracle,50b395729f861742949308b817a01e0a10080914e86479b908b73eb2a45bdba8,8,RANDOM_TOPOLOGICAL,COMMUTATION_PLUS_TEMPLATES,16,60.0,success,True,1.1586005,1.1586005,4,4,7,20,4,80.0,d533140a7e099137f5ded9db444f341ce62628fdac0ed49dde8e907d49887d55
e32-d9c06f28d1e854c59315da31,48,QAOA,0080a63f816f580541538093d5448ae336ed333ac6933bc71da115de0011b707,8,LBL,COMMUTATION_ONLY,16,60.0,success,True,1.3601962,1.3601962,4,4,6,66,66,0.0,452302b400767a36a641f6beb07ff811ff7223e3b2aeac9a2b7857b103124a2e
e32-d6e12ec1b26ab299957005fb,49,QAOA,0080a63f816f580541538093d5448ae336ed333ac6933bc71da115de0011b707,8,LBL,COMMUTATION_PLUS_TEMPLATES,16,60.0,success,True,1.3620377,1.3620377,4,4,6,66,66,0.0,0385f54ea3dacffc61e1d0fe884bba4d35597f9cb9158278f77bdff8bdafaa97
e32-6f702804273cbbb984113aad,50,QAOA,0080a63f816f580541538093d5448ae336ed333ac6933bc71da115de0011b707,8,WCL,COMMUTATION_ONLY,16,60.0,success,True,1.4238537,1.4238537,4,4,6,66,66,0.0,8f481ebdf97a14de522104558fa5ec5bc87a537f33b938baa344af790d20ad27
e32-fd8fb8a45be28cd0b75d9683,51,QAOA,0080a63f816f580541538093d5448ae336ed333ac6933bc71da115de0011b707,8,WCL,COMMUTATION_PLUS_TEMPLATES,16,60.0,success,True,1.5146904,1.5146904,4,4,6,66,66,0.0,894f47ddd44165ebc6deae2235b782d4429328ea9ca63910464deb229a8d5ae0
e32-7d007ece606e7904e8c96e61,52,QAOA,0080a63f816f580541538093d5448ae336ed333ac6933bc71da115de0011b707,8,RANDOM_TOPOLOGICAL,COMMUTATION_ONLY,16,60.0,success,True,1.3385764,1.3385764,4,4,6,66,66,0.0,9d92b1cef1f1156f698ab4196878c4135a0fc28600485df40e420818d12868e8
e32-0f426ede90bab2cd6bd69a51,53,QAOA,0080a63f816f580541538093d5448ae336ed333ac6933bc71da115de0011b707,8,RANDOM_TOPOLOGICAL,COMMUTATION_PLUS_TEMPLATES,16,60.0,success,True,1.3446151,1.3446151,4,4,6,66,66,0.0,0fb1cc1ad474ec675bad4f0236c3800520041103ead35754907faf95141009be
e32-7474b8b7c57211011f6a30cb,54,QFT,b2f83603b76f95e86e3b51898d6ea360adf3a62f51aa296baf0178913d4108b2,8,LBL,COMMUTATION_ONLY,16,60.0,success,True,1.4509401,1.4509401,4,4,6,36,36,0.0,56f0f00817131e21c69d5a64affd17d8b9d8534fb2d04c041f59283748244e91
e32-911bfb36119cb42e4d44e8f9,55,QFT,b2f83603b76f95e86e3b51898d6ea360adf3a62f51aa296baf0178913d4108b2,8,LBL,COMMUTATION_PLUS_TEMPLATES,16,60.0,success,True,1.2991546,1.2991546,4,4,6,36,36,0.0,0233254453034aeacd7de46d24937d3e8586697b9c509c238e13569e79e41a28
e32-061ec4e40b7bfb873d6ae687,56,QFT,b2f83603b76f95e86e3b51898d6ea360adf3a62f51aa296baf0178913d4108b2,8,WCL,COMMUTATION_ONLY,16,60.0,success,True,1.2976867,1.2976867,4,4,6,36,36,0.0,61b8f5c810b17af6b66e627a0f0e6988fbeec65ffdc5ce0c00200ef1a50120ec
e32-f4a7bdd7c07d99f205301d59,57,QFT,b2f83603b76f95e86e3b51898d6ea360adf3a62f51aa296baf0178913d4108b2,8,WCL,COMMUTATION_PLUS_TEMPLATES,16,60.0,success,True,1.20999,1.20999,4,4,6,36,36,0.0,094fd5aa11c7be14853fadb52ce2542d7abb33b431ac0727dfbbb7c7a003d270
e32-727d951c92910663e6eb2d3a,58,QFT,b2f83603b76f95e86e3b51898d6ea360adf3a62f51aa296baf0178913d4108b2,8,RANDOM_TOPOLOGICAL,COMMUTATION_ONLY,16,60.0,success,True,1.2390266,1.2390266,4,4,6,36,36,0.0,f4006dddecd05427d76dedc8b977b56c4e479abd5f1386d64ced5fa4fd24994a
e32-b3d5216957d028dbea19be34,59,QFT,b2f83603b76f95e86e3b51898d6ea360adf3a62f51aa296baf0178913d4108b2,8,RANDOM_TOPOLOGICAL,COMMUTATION_PLUS_TEMPLATES,16,60.0,success,True,1.2907588,1.2907588,4,4,6,36,36,0.0,13e6032dd2674d82bf975516124b4fd6a72f6b3da4936661a33676a1afa9fa9a
e32-c6c5be9051585da078405007,60,QuantumWalk,0b12314b8f546448b63ec916582bdcd18c8f92e57f6756737f55de986300e4e8,8,LBL,COMMUTATION_ONLY,16,60.0,success,True,27.9846277,27.9846277,4,4,7,7156,6970,2.5992174399105616,bb3a057cb42562cced3cfa39a803b21cbd46bdf60ee653ff5a84d2aa853d26a0
e32-ff4016b214be7ecd851f15d5,61,QuantumWalk,0b12314b8f546448b63ec916582bdcd18c8f92e57f6756737f55de986300e4e8,8,LBL,COMMUTATION_PLUS_TEMPLATES,16,60.0,success,True,28.5711084,28.5711084,4,4,7,7156,6970,2.5992174399105616,1baf0b742affcc739bf6a67184e8a4188e71d2d171cbf8ef044bd6c9cf819c00
e32-5f6134a0ddff10b4ef0ce28f,62,QuantumWalk,0b12314b8f546448b63ec916582bdcd18c8f92e57f6756737f55de986300e4e8,8,WCL,COMMUTATION_ONLY,16,60.0,success,True,28.6598051,28.6598051,4,4,7,7156,6970,2.5992174399105616,933d34ef373ccd0ec85671fbceb4b31f96b37ba36f53dea2c269cd2c9e48d152
e32-f800dd109150f8de9817db56,63,QuantumWalk,0b12314b8f546448b63ec916582bdcd18c8f92e57f6756737f55de986300e4e8,8,WCL,COMMUTATION_PLUS_TEMPLATES,16,60.0,success,True,30.0274384,30.0274384,4,4,7,7156,6970,2.5992174399105616,78fdb21778787b1355ae0ea8291aa11cce22e1b51d59890621b8d45d05e5d8fb
e32-bdd1058c853719a08f1289f8,64,QuantumWalk,0b12314b8f546448b63ec916582bdcd18c8f92e57f6756737f55de986300e4e8,8,RANDOM_TOPOLOGICAL,COMMUTATION_ONLY,16,60.0,success,True,28.4163049,41.718206,4,5,8,7156,6964,2.683063163778643,1b636cb34e2612797c385ee72c5f51f897362eac5fb3acf6d9809d214681d936
e32-71caa0931fdc4b93a8a5e45d,65,QuantumWalk,0b12314b8f546448b63ec916582bdcd18c8f92e57f6756737f55de986300e4e8,8,RANDOM_TOPOLOGICAL,COMMUTATION_PLUS_TEMPLATES,16,60.0,timeout,False,,,,,0,,,0.0,e7923918242a6d1795a577371d9b2b32c63198f8b8ea7462a31947f128534bf1
e32-8219ee8141c777eeea108c38,66,RandomClifford,28fa1a35d35427a92d30c622a80840edaaf759c54c7873b8ef1ace832c84a0de,8,LBL,COMMUTATION_ONLY,16,60.0,success,True,1.3623651,1.4543841,4,5,8,52,33,36.53846153846154,69573e9e8f7621c85bc09e329669f6864362f2f4f12f010cc0b7c1020feea3d8
e32-196dcfb71e435e16e9da4180,67,RandomClifford,28fa1a35d35427a92d30c622a80840edaaf759c54c7873b8ef1ace832c84a0de,8,LBL,COMMUTATION_PLUS_TEMPLATES,16,60.0,success,True,1.367658,1.441271,4,5,8,52,33,36.53846153846154,7c610c150b101a5af0274ddb9db2fc27bad5f87ee1a0972ebd1ca5d42090d8c9
e32-24a9451871b9fde4c18acc9e,68,RandomClifford,28fa1a35d35427a92d30c622a80840edaaf759c54c7873b8ef1ace832c84a0de,8,WCL,COMMUTATION_ONLY,16,60.0,success,True,1.1442156,1.1442156,4,4,7,52,32,38.46153846153846,e3fa85ce31d4b327582625a254b8da025681f1ea41d7be3a768b1c4af522dea2
e32-10fddc69ec001b48a3923387,69,RandomClifford,28fa1a35d35427a92d30c622a80840edaaf759c54c7873b8ef1ace832c84a0de,8,WCL,COMMUTATION_PLUS_TEMPLATES,16,60.0,success,True,1.2042772,1.2042772,4,4,7,52,32,38.46153846153846,b47ac32d584159d963ae9e6e1b1319fb60fcb1287be3aa74152f9380260df85f
e32-d5532aa685bc1ba3722ff043,70,RandomClifford,28fa1a35d35427a92d30c622a80840edaaf759c54c7873b8ef1ace832c84a0de,8,RANDOM_TOPOLOGICAL,COMMUTATION_ONLY,16,60.0,success,True,1.2544151,1.3299376,4,5,8,52,32,38.46153846153846,73d77721316c9bd960b69f0ac1d18ad5ed19b316b7a3e626cba5293d4d849d90
e32-b9bc05df53f6b581d6c8a0eb,71,RandomClifford,28fa1a35d35427a92d30c622a80840edaaf759c54c7873b8ef1ace832c84a0de,8,RANDOM_TOPOLOGICAL,COMMUTATION_PLUS_TEMPLATES,16,60.0,success,True,1.2691253,1.34316,4,5,8,52,32,38.46153846153846,67187e7af65d045ed9a9367a69bded04f9785dfc8fc4cf862750e78a32a267da
e32-ba9e427b5fa3b9ac8ae32124,72,SurfaceCode,14da3f908abda6229c65d0aec602aaf53fad733479c969be7e0504eaa5dacae0,8,LBL,COMMUTATION_ONLY,16,60.0,success,True,1.151556,1.151556,4,4,6,11,11,0.0,04cb4c12305ccb89b8ddbab04242de56938924dc99fdc43b777dceb1e7b29070
e32-9b71f69070a987330b8a178a,73,SurfaceCode,14da3f908abda6229c65d0aec602aaf53fad733479c969be7e0504eaa5dacae0,8,LBL,COMMUTATION_PLUS_TEMPLATES,16,60.0,success,True,1.1529244,1.1529244,4,4,6,11,11,0.0,492bb48610fc979a3dc3046d76140831125a18454abc828de11c7673ff1c91d0
e32-dc4182c127e5786a8b7e0032,74,SurfaceCode,14da3f908abda6229c65d0aec602aaf53fad733479c969be7e0504eaa5dacae0,8,WCL,COMMUTATION_ONLY,16,60.0,success,True,1.3035882,1.3035882,4,4,6,11,11,0.0,d2e05f891bfd3713bc0326dd13374097256cfeb5b0ee91146dcd009694eab3a0
e32-f9b08b6e8d9af9168611923b,75,SurfaceCode,14da3f908abda6229c65d0aec602aaf53fad733479c969be7e0504eaa5dacae0,8,WCL,COMMUTATION_PLUS_TEMPLATES,16,60.0,success,True,1.0718591,1.0718591,4,4,6,11,11,0.0,afcae32bca4b003beabde7fe260a0c979b2afcd08012574db8ef4008feb940c1
e32-cb85c06928d4b0606cbfc7c9,76,SurfaceCode,14da3f908abda6229c65d0aec602aaf53fad733479c969be7e0504eaa5dacae0,8,RANDOM_TOPOLOGICAL,COMMUTATION_ONLY,16,60.0,success,True,1.2101816,1.2101816,4,4,6,11,11,0.0,470506b11a11383163dc53160a1f0ea76ffe361d76e7a9eb65498b54992fa4ca
e32-2bf011b79b4e1235eeebcdf0,77,SurfaceCode,14da3f908abda6229c65d0aec602aaf53fad733479c969be7e0504eaa5dacae0,8,RANDOM_TOPOLOGICAL,COMMUTATION_PLUS_TEMPLATES,16,60.0,success,True,1.4186693,1.4186693,4,4,6,11,11,0.0,5f663243e1de6342727d791267552147895fa8a699524ae9c5d275f7d9991294
e32-32be27515ecaa4924cfe157c,78,UCCSD_inspired,22551b784d24a75d9256bbd007b935019702d979f1a26edaef3c56d99546120b,8,LBL,COMMUTATION_ONLY,16,60.0,success,True,3.1748213,3.1748213,4,4,7,80,68,15.000000000000002,e0eb7e4ff219ff6b1507db9fbda0e4b96080267c650e631917a5629549753d28
e32-6428d08f4a5206cc96590302,79,UCCSD_inspired,22551b784d24a75d9256bbd007b935019702d979f1a26edaef3c56d99546120b,8,LBL,COMMUTATION_PLUS_TEMPLATES,16,60.0,success,True,2.4441994,2.4441994,4,4,7,80,68,15.000000000000002,de4050fca00ff285bcef7fd1778f6fdb9ec0acf398219955d638163e4c969d2a
e32-2f305b81c91a2ba1e1b85416,80,UCCSD_inspired,22551b784d24a75d9256bbd007b935019702d979f1a26edaef3c56d99546120b,8,WCL,COMMUTATION_ONLY,16,60.0,success,True,1.873091,1.873091,4,4,7,80,68,15.000000000000002,8d7af647c0e811e28e411007caa02f20cab819f321f4ab602f66706644e1bfc8
e32-9faadaef4a30c6bd6ba2af29,81,UCCSD_inspired,22551b784d24a75d9256bbd007b935019702d979f1a26edaef3c56d99546120b,8,WCL,COMMUTATION_PLUS_TEMPLATES,16,60.0,success,True,1.6318979,1.6318979,4,4,7,80,68,15.000000000000002,88a8d95961bcef18abef6b9bdb079612793ac6ff58166ad17f3bb2666b84245c
e32-cf624872d79157644963ee79,82,UCCSD_inspired,22551b784d24a75d9256bbd007b935019702d979f1a26edaef3c56d99546120b,8,RANDOM_TOPOLOGICAL,COMMUTATION_ONLY,16,60.0,success,True,1.3725996,1.3725996,4,4,7,80,68,15.000000000000002,4d33822f97c31591ebdade76ab6b640c031078b62de2f8cb0681d2153956d437
e32-21ee227686a6809124a50ad3,83,UCCSD_inspired,22551b784d24a75d9256bbd007b935019702d979f1a26edaef3c56d99546120b,8,RANDOM_TOPOLOGICAL,COMMUTATION_PLUS_TEMPLATES,16,60.0,success,True,1.4944527,1.4944527,4,4,7,80,68,15.000000000000002,7315d68f86c1013fe27f3c9cef7d43008d9fef8188e885507e8a243cb0dca906
e32-58acbfb4e0b62fc7d2c763ac,84,VQE,014e8da4cad4f97582e18a894f34fc8c3a41b14e6c31d3b3736404a1cf5b8e78,8,LBL,COMMUTATION_ONLY,16,60.0,success,True,1.4074705,1.4074705,4,4,6,62,62,0.0,5bcb60dce3f0cde9d8ebb56588a3c22e2f496f09285736b07d8d45a847583cd8
e32-9b0809dbd6da62d7f51f158b,85,VQE,014e8da4cad4f97582e18a894f34fc8c3a41b14e6c31d3b3736404a1cf5b8e78,8,LBL,COMMUTATION_PLUS_TEMPLATES,16,60.0,success,True,1.4207392,1.4207392,4,4,6,62,62,0.0,d6ff513761f170c587f5a1c3fb14f05c9bc3f5bf6273e4a1d16aa9015fe86084
e32-9e0f0e259e7bf2aeea2bd6e9,86,VQE,014e8da4cad4f97582e18a894f34fc8c3a41b14e6c31d3b3736404a1cf5b8e78,8,WCL,COMMUTATION_ONLY,16,60.0,success,True,1.4066223,1.4066223,4,4,6,62,62,0.0,979d2be242b4479aa73d06ef2bfb743cabe7f37bf0e9a30f1f61450612605188
e32-0666f742029bed3bed915250,87,VQE,014e8da4cad4f97582e18a894f34fc8c3a41b14e6c31d3b3736404a1cf5b8e78,8,WCL,COMMUTATION_PLUS_TEMPLATES,16,60.0,success,True,1.360438,1.360438,4,4,6,62,62,0.0,477f284a41c7d554efe952685498e71a9f2fbdeb693ba59addfba2ce61b85b64
e32-821f2e7ba9d66e9582e05590,88,VQE,014e8da4cad4f97582e18a894f34fc8c3a41b14e6c31d3b3736404a1cf5b8e78,8,RANDOM_TOPOLOGICAL,COMMUTATION_ONLY,16,60.0,success,True,1.6978549,1.6978549,4,4,6,62,62,0.0,4f6e553a7372b56856098cffc2601c9c59c2f7d61b780de7c86c9a59cceb6436
e32-0fb90451f6f53f59e646e709,89,VQE,014e8da4cad4f97582e18a894f34fc8c3a41b14e6c31d3b3736404a1cf5b8e78,8,RANDOM_TOPOLOGICAL,COMMUTATION_PLUS_TEMPLATES,16,60.0,success,True,1.3719983,1.3719983,4,4,6,62,62,0.0,c385392d470bdb652f8e6445a12c6fd661b7f731ac38d5ad0986ad73b8b00cf5
