coefficient,equal_family_estimate_pp,family_cluster_se_pp,family_cluster_df,t14_ci95_low_pp,t14_ci95_high_pp,t14_p_value_model_based,wild_cluster_bootstrap_t_p_value,wild_cluster_bootstrap_replicates,wild_cluster_bootstrap_seed,inference_role,confirmatory_claim_allowed,probability_sample_of_families,unseen_family_generalization_status,multiplicity_family_id,multiplicity_family_size,holm_adjusted_t14_p,holm_adjusted_wild_cluster_p
C(listing_model)[T.WCL],0.0,0.0,14,0.0,0.0,1.0,1.0,19999,20260826,EXPLORATORY_EQUAL_FAMILY_MODEL_BASED_SENSITIVITY,False,False,BLOCKED,E31_POSTHOC_FACTORIAL_71,71,1.0,1.0
C(listing_model)[T.RANDOM_TOPOLOGICAL],0.0,0.0,14,0.0,0.0,1.0,1.0,19999,20260826,EXPLORATORY_EQUAL_FAMILY_MODEL_BASED_SENSITIVITY,False,False,BLOCKED,E31_POSTHOC_FACTORIAL_71,71,1.0,1.0
C(rule_set)[T.COMMUTATION_PLUS_TEMPLATES],0.0,0.0,14,0.0,0.0,1.0,1.0,19999,20260826,EXPLORATORY_EQUAL_FAMILY_MODEL_BASED_SENSITIVITY,False,False,BLOCKED,E31_POSTHOC_FACTORIAL_71,71,1.0,1.0
C(window_gates)[T.16],0.0,0.0,14,0.0,0.0,1.0,1.0,19999,20260826,EXPLORATORY_EQUAL_FAMILY_MODEL_BASED_SENSITIVITY,False,False,BLOCKED,E31_POSTHOC_FACTORIAL_71,71,1.0,1.0
C(window_gates)[T.64],0.0,0.0,14,0.0,0.0,1.0,1.0,19999,20260826,EXPLORATORY_EQUAL_FAMILY_MODEL_BASED_SENSITIVITY,False,False,BLOCKED,E31_POSTHOC_FACTORIAL_71,71,1.0,1.0
C(budget_seconds)[T.10],9.721589929026031,6.6063824125272,14,-4.447691124650822,23.890870982702886,0.16326324061381883,0.03185,19999,20260826,EXPLORATORY_EQUAL_FAMILY_MODEL_BASED_SENSITIVITY,False,False,BLOCKED,E31_POSTHOC_FACTORIAL_71,71,1.0,1.0
C(budget_seconds)[T.30],9.774043293479883,6.605385237606188,14,-4.393099032700858,23.941185619660622,0.16109962310074688,0.03185,19999,20260826,EXPLORATORY_EQUAL_FAMILY_MODEL_BASED_SENSITIVITY,False,False,BLOCKED,E31_POSTHOC_FACTORIAL_71,71,1.0,1.0
C(budget_seconds)[T.120],9.792956336958145,6.60510570037359,14,-4.373586441487344,23.959499115403634,0.16032996174181272,0.03185,19999,20260826,EXPLORATORY_EQUAL_FAMILY_MODEL_BASED_SENSITIVITY,False,False,BLOCKED,E31_POSTHOC_FACTORIAL_71,71,1.0,1.0
C(listing_model)[T.WCL]:C(rule_set)[T.COMMUTATION_PLUS_TEMPLATES],0.0,0.0,14,0.0,0.0,1.0,1.0,19999,20260826,EXPLORATORY_EQUAL_FAMILY_MODEL_BASED_SENSITIVITY,False,False,BLOCKED,E31_POSTHOC_FACTORIAL_71,71,1.0,1.0
C(listing_model)[T.RANDOM_TOPOLOGICAL]:C(rule_set)[T.COMMUTATION_PLUS_TEMPLATES],0.0,0.0,14,0.0,0.0,1.0,1.0,19999,20260826,EXPLORATORY_EQUAL_FAMILY_MODEL_BASED_SENSITIVITY,False,False,BLOCKED,E31_POSTHOC_FACTORIAL_71,71,1.0,1.0
C(listing_model)[T.WCL]:C(window_gates)[T.16],0.0,0.0,14,0.0,0.0,1.0,1.0,19999,20260826,EXPLORATORY_EQUAL_FAMILY_MODEL_BASED_SENSITIVITY,False,False,BLOCKED,E31_POSTHOC_FACTORIAL_71,71,1.0,1.0
C(listing_model)[T.WCL]:C(window_gates)[T.64],0.0,0.0,14,0.0,0.0,1.0,1.0,19999,20260826,EXPLORATORY_EQUAL_FAMILY_MODEL_BASED_SENSITIVITY,False,False,BLOCKED,E31_POSTHOC_FACTORIAL_71,71,1.0,1.0
C(listing_model)[T.RANDOM_TOPOLOGICAL]:C(window_gates)[T.16],0.0,0.0,14,0.0,0.0,1.0,1.0,19999,20260826,EXPLORATORY_EQUAL_FAMILY_MODEL_BASED_SENSITIVITY,False,False,BLOCKED,E31_POSTHOC_FACTORIAL_71,71,1.0,1.0
C(listing_model)[T.RANDOM_TOPOLOGICAL]:C(window_gates)[T.64],0.0,0.0,14,0.0,0.0,1.0,1.0,19999,20260826,EXPLORATORY_EQUAL_FAMILY_MODEL_BASED_SENSITIVITY,False,False,BLOCKED,E31_POSTHOC_FACTORIAL_71,71,1.0,1.0
C(listing_model)[T.WCL]:C(budget_seconds)[T.10],6.3823433357398605,3.053219156153687,14,-0.16616046567152232,12.930847137151243,0.055309638215504074,0.09215,19999,20260826,EXPLORATORY_EQUAL_FAMILY_MODEL_BASED_SENSITIVITY,False,False,BLOCKED,E31_POSTHOC_FACTORIAL_71,71,1.0,1.0
C(listing_model)[T.WCL]:C(budget_seconds)[T.30],6.395260734114798,3.0512905426528185,14,-0.1491066027337844,12.93962807096338,0.05474470255391588,0.0625,19999,20260826,EXPLORATORY_EQUAL_FAMILY_MODEL_BASED_SENSITIVITY,False,False,BLOCKED,E31_POSTHOC_FACTORIAL_71,71,1.0,1.0
C(listing_model)[T.WCL]:C(budget_seconds)[T.120],6.3826520384626235,3.053147834433507,14,-0.1656987930727567,12.931002869998004,0.055294318062988804,0.1237,19999,20260826,EXPLORATORY_EQUAL_FAMILY_MODEL_BASED_SENSITIVITY,False,False,BLOCKED,E31_POSTHOC_FACTORIAL_71,71,1.0,1.0
C(listing_model)[T.RANDOM_TOPOLOGICAL]:C(budget_seconds)[T.10],4.221089881483856,2.221350638833199,14,-0.5432333978813517,8.985413160849063,0.0781952142562246,0.1237,19999,20260826,EXPLORATORY_EQUAL_FAMILY_MODEL_BASED_SENSITIVITY,False,False,BLOCKED,E31_POSTHOC_FACTORIAL_71,71,1.0,1.0
C(listing_model)[T.RANDOM_TOPOLOGICAL]:C(budget_seconds)[T.30],4.20427661364836,2.22387155374227,14,-0.5654534904551944,8.974006717751914,0.07956806209901504,0.1237,19999,20260826,EXPLORATORY_EQUAL_FAMILY_MODEL_BASED_SENSITIVITY,False,False,BLOCKED,E31_POSTHOC_FACTORIAL_71,71,1.0,1.0
C(listing_model)[T.RANDOM_TOPOLOGICAL]:C(budget_seconds)[T.120],4.208781444566235,2.2232120342868624,14,-0.559534130988939,8.977097020121409,0.0792003438349725,0.1237,19999,20260826,EXPLORATORY_EQUAL_FAMILY_MODEL_BASED_SENSITIVITY,False,False,BLOCKED,E31_POSTHOC_FACTORIAL_71,71,1.0,1.0
C(rule_set)[T.COMMUTATION_PLUS_TEMPLATES]:C(window_gates)[T.16],0.0,0.0,14,0.0,0.0,1.0,1.0,19999,20260826,EXPLORATORY_EQUAL_FAMILY_MODEL_BASED_SENSITIVITY,False,False,BLOCKED,E31_POSTHOC_FACTORIAL_71,71,1.0,1.0
C(rule_set)[T.COMMUTATION_PLUS_TEMPLATES]:C(window_gates)[T.64],0.0,0.0,14,0.0,0.0,1.0,1.0,19999,20260826,EXPLORATORY_EQUAL_FAMILY_MODEL_BASED_SENSITIVITY,False,False,BLOCKED,E31_POSTHOC_FACTORIAL_71,71,1.0,1.0
C(rule_set)[T.COMMUTATION_PLUS_TEMPLATES]:C(budget_seconds)[T.10],1.5269848578359533,1.4408158307034369,14,-1.5632577555967473,4.617227471268654,0.30717575895264876,0.2445,19999,20260826,EXPLORATORY_EQUAL_FAMILY_MODEL_BASED_SENSITIVITY,False,False,BLOCKED,E31_POSTHOC_FACTORIAL_71,71,1.0,1.0
C(rule_set)[T.COMMUTATION_PLUS_TEMPLATES]:C(budget_seconds)[T.30],1.518661928164709,1.4414182809378988,14,-1.5728728125109979,4.610196668840416,0.3099162619655433,0.4959,19999,20260826,EXPLORATORY_EQUAL_FAMILY_MODEL_BASED_SENSITIVITY,False,False,BLOCKED,E31_POSTHOC_FACTORIAL_71,71,1.0,1.0
C(rule_set)[T.COMMUTATION_PLUS_TEMPLATES]:C(budget_seconds)[T.120],1.518661928164709,1.4414182809378988,14,-1.5728728125109979,4.610196668840416,0.3099162619655433,0.4959,19999,20260826,EXPLORATORY_EQUAL_FAMILY_MODEL_BASED_SENSITIVITY,False,False,BLOCKED,E31_POSTHOC_FACTORIAL_71,71,1.0,1.0
C(window_gates)[T.16]:C(budget_seconds)[T.10],7.181402001926265,3.347713882639443,14,0.001269831486497175,14.361534172366031,0.049964710899680916,0.06025,19999,20260826,EXPLORATORY_EQUAL_FAMILY_MODEL_BASED_SENSITIVITY,False,False,BLOCKED,E31_POSTHOC_FACTORIAL_71,71,1.0,1.0
C(window_gates)[T.16]:C(budget_seconds)[T.30],7.178218194545345,3.348212805633472,14,-0.002984059290311869,14.359420448381002,0.05008300694824369,0.06025,19999,20260826,EXPLORATORY_EQUAL_FAMILY_MODEL_BASED_SENSITIVITY,False,False,BLOCKED,E31_POSTHOC_FACTORIAL_71,71,1.0,1.0
C(window_gates)[T.16]:C(budget_seconds)[T.120],7.190826890197519,3.3462542628281176,14,0.013825292898501651,14.367828487496535,0.049616867195065556,0.06025,19999,20260826,EXPLORATORY_EQUAL_FAMILY_MODEL_BASED_SENSITIVITY,False,False,BLOCKED,E31_POSTHOC_FACTORIAL_71,71,1.0,1.0
C(window_gates)[T.64]:C(budget_seconds)[T.10],7.736152628953151,3.5684824673902535,14,0.082518936829584,15.389786321076716,0.047890480838299686,0.01525,19999,20260826,EXPLORATORY_EQUAL_FAMILY_MODEL_BASED_SENSITIVITY,False,False,BLOCKED,E31_POSTHOC_FACTORIAL_71,71,1.0,1.0
C(window_gates)[T.64]:C(budget_seconds)[T.30],7.742249989136978,3.567488860002573,14,0.09074737291152424,15.393752605362431,0.047684104386496576,0.01525,19999,20260826,EXPLORATORY_EQUAL_FAMILY_MODEL_BASED_SENSITIVITY,False,False,BLOCKED,E31_POSTHOC_FACTORIAL_71,71,1.0,1.0
C(window_gates)[T.64]:C(budget_seconds)[T.120],7.737974626818137,3.5681105562911726,14,0.08513860466896794,15.390810648967307,0.04782466643578595,0.01525,19999,20260826,EXPLORATORY_EQUAL_FAMILY_MODEL_BASED_SENSITIVITY,False,False,BLOCKED,E31_POSTHOC_FACTORIAL_71,71,1.0,1.0
C(listing_model)[T.WCL]:C(rule_set)[T.COMMUTATION_PLUS_TEMPLATES]:C(window_gates)[T.16],0.0,0.0,14,0.0,0.0,1.0,1.0,19999,20260826,EXPLORATORY_EQUAL_FAMILY_MODEL_BASED_SENSITIVITY,False,False,BLOCKED,E31_POSTHOC_FACTORIAL_71,71,1.0,1.0
C(listing_model)[T.WCL]:C(rule_set)[T.COMMUTATION_PLUS_TEMPLATES]:C(window_gates)[T.64],0.0,0.0,14,0.0,0.0,1.0,1.0,19999,20260826,EXPLORATORY_EQUAL_FAMILY_MODEL_BASED_SENSITIVITY,False,False,BLOCKED,E31_POSTHOC_FACTORIAL_71,71,1.0,1.0
C(listing_model)[T.RANDOM_TOPOLOGICAL]:C(rule_set)[T.COMMUTATION_PLUS_TEMPLATES]:C(window_gates)[T.16],0.0,0.0,14,0.0,0.0,1.0,1.0,19999,20260826,EXPLORATORY_EQUAL_FAMILY_MODEL_BASED_SENSITIVITY,False,False,BLOCKED,E31_POSTHOC_FACTORIAL_71,71,1.0,1.0
C(listing_model)[T.RANDOM_TOPOLOGICAL]:C(rule_set)[T.COMMUTATION_PLUS_TEMPLATES]:C(window_gates)[T.64],0.0,0.0,14,0.0,0.0,1.0,1.0,19999,20260826,EXPLORATORY_EQUAL_FAMILY_MODEL_BASED_SENSITIVITY,False,False,BLOCKED,E31_POSTHOC_FACTORIAL_71,71,1.0,1.0
C(listing_model)[T.WCL]:C(rule_set)[T.COMMUTATION_PLUS_TEMPLATES]:C(budget_seconds)[T.10],-0.37479965769066864,0.29014636839949615,14,-0.9971017261813486,0.24750241080001129,0.21735877431237607,0.43225,19999,20260826,EXPLORATORY_EQUAL_FAMILY_MODEL_BASED_SENSITIVITY,False,False,BLOCKED,E31_POSTHOC_FACTORIAL_71,71,1.0,1.0
C(listing_model)[T.WCL]:C(rule_set)[T.COMMUTATION_PLUS_TEMPLATES]:C(budget_seconds)[T.30],-0.3877170560656069,0.28895960218465006,14,-1.0074737641770155,0.23203965204580157,0.2010295366308433,0.3732,19999,20260826,EXPLORATORY_EQUAL_FAMILY_MODEL_BASED_SENSITIVITY,False,False,BLOCKED,E31_POSTHOC_FACTORIAL_71,71,1.0,1.0
C(listing_model)[T.WCL]:C(rule_set)[T.COMMUTATION_PLUS_TEMPLATES]:C(budget_seconds)[T.120],-0.37510836041343304,0.2898522615239095,14,-0.99677963239253,0.24656291156566384,0.21655971407228813,0.4959,19999,20260826,EXPLORATORY_EQUAL_FAMILY_MODEL_BASED_SENSITIVITY,False,False,BLOCKED,E31_POSTHOC_FACTORIAL_71,71,1.0,1.0
C(listing_model)[T.RANDOM_TOPOLOGICAL]:C(rule_set)[T.COMMUTATION_PLUS_TEMPLATES]:C(budget_seconds)[T.10],0.19985717148450266,0.31615393917882156,14,-0.47822558859873177,0.8779399315677371,0.5374753306766356,0.75005,19999,20260826,EXPLORATORY_EQUAL_FAMILY_MODEL_BASED_SENSITIVITY,False,False,BLOCKED,E31_POSTHOC_FACTORIAL_71,71,1.0,1.0
C(listing_model)[T.RANDOM_TOPOLOGICAL]:C(rule_set)[T.COMMUTATION_PLUS_TEMPLATES]:C(budget_seconds)[T.30],0.09872856974784973,0.21199808005624782,14,-0.35596209022073766,0.5534192297164371,0.648588935836004,0.62735,19999,20260826,EXPLORATORY_EQUAL_FAMILY_MODEL_BASED_SENSITIVITY,False,False,BLOCKED,E31_POSTHOC_FACTORIAL_71,71,1.0,1.0
C(listing_model)[T.RANDOM_TOPOLOGICAL]:C(rule_set)[T.COMMUTATION_PLUS_TEMPLATES]:C(budget_seconds)[T.120],0.20818010115574695,0.31565252739567534,14,-0.4688272376098307,0.8851874399213245,0.520262267176099,0.75005,19999,20260826,EXPLORATORY_EQUAL_FAMILY_MODEL_BASED_SENSITIVITY,False,False,BLOCKED,E31_POSTHOC_FACTORIAL_71,71,1.0,1.0
C(listing_model)[T.WCL]:C(window_gates)[T.16]:C(budget_seconds)[T.10],-5.9271332434063675,2.771517768295947,14,-11.871447658172745,0.017181171360010516,0.050580028978349574,0.1237,19999,20260826,EXPLORATORY_EQUAL_FAMILY_MODEL_BASED_SENSITIVITY,False,False,BLOCKED,E31_POSTHOC_FACTORIAL_71,71,1.0,1.0
C(listing_model)[T.WCL]:C(window_gates)[T.16]:C(budget_seconds)[T.30],-5.923949436025447,2.7720174987148103,14,-11.869335665941751,0.021436793890855732,0.0507245279861474,0.1237,19999,20260826,EXPLORATORY_EQUAL_FAMILY_MODEL_BASED_SENSITIVITY,False,False,BLOCKED,E31_POSTHOC_FACTORIAL_71,71,1.0,1.0
C(listing_model)[T.WCL]:C(window_gates)[T.16]:C(budget_seconds)[T.120],-5.936558131677621,2.7700593594238496,14,-11.877744570509584,0.0046283071543431475,0.05015572057775949,0.1237,19999,20260826,EXPLORATORY_EQUAL_FAMILY_MODEL_BASED_SENSITIVITY,False,False,BLOCKED,E31_POSTHOC_FACTORIAL_71,71,1.0,1.0
C(listing_model)[T.WCL]:C(window_gates)[T.64]:C(budget_seconds)[T.10],-6.391990454297869,3.05176440062018,14,-12.937374115406811,0.1533932068110735,0.054886284240648446,0.03095,19999,20260826,EXPLORATORY_EQUAL_FAMILY_MODEL_BASED_SENSITIVITY,False,False,BLOCKED,E31_POSTHOC_FACTORIAL_71,71,1.0,1.0
C(listing_model)[T.WCL]:C(window_gates)[T.64]:C(budget_seconds)[T.30],-6.395260734114798,3.0512905426528185,14,-12.93962807096338,0.1491066027337844,0.05474470255391588,0.0625,19999,20260826,EXPLORATORY_EQUAL_FAMILY_MODEL_BASED_SENSITIVITY,False,False,BLOCKED,E31_POSTHOC_FACTORIAL_71,71,1.0,1.0
C(listing_model)[T.WCL]:C(window_gates)[T.64]:C(budget_seconds)[T.120],-6.3826520384626235,3.053147834433507,14,-12.931002869998004,0.1656987930727567,0.055294318062988804,0.1237,19999,20260826,EXPLORATORY_EQUAL_FAMILY_MODEL_BASED_SENSITIVITY,False,False,BLOCKED,E31_POSTHOC_FACTORIAL_71,71,1.0,1.0
C(listing_model)[T.RANDOM_TOPOLOGICAL]:C(window_gates)[T.16]:C(budget_seconds)[T.10],-3.827072053077314,1.908013499970614,14,-7.919354008180072,0.2652099020254437,0.06460230721096576,0.108,19999,20260826,EXPLORATORY_EQUAL_FAMILY_MODEL_BASED_SENSITIVITY,False,False,BLOCKED,E31_POSTHOC_FACTORIAL_71,71,1.0,1.0
C(listing_model)[T.RANDOM_TOPOLOGICAL]:C(window_gates)[T.16]:C(budget_seconds)[T.30],-3.8280957396761988,1.9191842901703031,14,-7.944336656892762,0.2881451775403647,0.06592786362584051,0.108,19999,20260826,EXPLORATORY_EQUAL_FAMILY_MODEL_BASED_SENSITIVITY,False,False,BLOCKED,E31_POSTHOC_FACTORIAL_71,71,1.0,1.0
C(listing_model)[T.RANDOM_TOPOLOGICAL]:C(window_gates)[T.16]:C(budget_seconds)[T.120],-3.813738102901682,1.9100445170917772,14,-7.910376156488843,0.2828999506854779,0.06568478363166327,0.108,19999,20260826,EXPLORATORY_EQUAL_FAMILY_MODEL_BASED_SENSITIVITY,False,False,BLOCKED,E31_POSTHOC_FACTORIAL_71,71,1.0,1.0
C(listing_model)[T.RANDOM_TOPOLOGICAL]:C(window_gates)[T.64]:C(budget_seconds)[T.10],-4.233828106985758,2.2194401545562252,14,-8.994053805106237,0.5263975911347218,0.0771672752945091,0.1237,19999,20260826,EXPLORATORY_EQUAL_FAMILY_MODEL_BASED_SENSITIVITY,False,False,BLOCKED,E31_POSTHOC_FACTORIAL_71,71,1.0,1.0
C(listing_model)[T.RANDOM_TOPOLOGICAL]:C(window_gates)[T.64]:C(budget_seconds)[T.30],-4.2190326821846345,2.2216782357075644,14,-8.984058586964984,0.5459932225957154,0.07836450040199303,0.1237,19999,20260826,EXPLORATORY_EQUAL_FAMILY_MODEL_BASED_SENSITIVITY,False,False,BLOCKED,E31_POSTHOC_FACTORIAL_71,71,1.0,1.0
C(listing_model)[T.RANDOM_TOPOLOGICAL]:C(window_gates)[T.64]:C(budget_seconds)[T.120],-4.208295967208788,2.2232423846678455,14,-8.976676637857068,0.5600847034394913,0.07923498886028178,0.1237,19999,20260826,EXPLORATORY_EQUAL_FAMILY_MODEL_BASED_SENSITIVITY,False,False,BLOCKED,E31_POSTHOC_FACTORIAL_71,71,1.0,1.0
C(rule_set)[T.COMMUTATION_PLUS_TEMPLATES]:C(window_gates)[T.16]:C(budget_seconds)[T.10],2.5481990650730655,2.4668397008049268,14,-2.742645886438317,7.839044016584448,0.31912804858324484,0.37965,19999,20260826,EXPLORATORY_EQUAL_FAMILY_MODEL_BASED_SENSITIVITY,False,False,BLOCKED,E31_POSTHOC_FACTORIAL_71,71,1.0,1.0
C(rule_set)[T.COMMUTATION_PLUS_TEMPLATES]:C(window_gates)[T.16]:C(budget_seconds)[T.30],2.572236721366502,2.4652528938504603,14,-2.7152048677126475,7.859678310445651,0.31444758625346947,0.38115,19999,20260826,EXPLORATORY_EQUAL_FAMILY_MODEL_BASED_SENSITIVITY,False,False,BLOCKED,E31_POSTHOC_FACTORIAL_71,71,1.0,1.0
C(rule_set)[T.COMMUTATION_PLUS_TEMPLATES]:C(window_gates)[T.16]:C(budget_seconds)[T.120],2.540714982236067,2.4673709324784396,14,-2.7512693478968657,7.832699312369,0.3206013813196782,0.50385,19999,20260826,EXPLORATORY_EQUAL_FAMILY_MODEL_BASED_SENSITIVITY,False,False,BLOCKED,E31_POSTHOC_FACTORIAL_71,71,1.0,1.0
C(rule_set)[T.COMMUTATION_PLUS_TEMPLATES]:C(window_gates)[T.64]:C(budget_seconds)[T.10],2.1255899096163122,2.079968938799117,14,-2.3354997816007326,6.586679600833357,0.324147711871382,0.50385,19999,20260826,EXPLORATORY_EQUAL_FAMILY_MODEL_BASED_SENSITIVITY,False,False,BLOCKED,E31_POSTHOC_FACTORIAL_71,71,1.0,1.0
C(rule_set)[T.COMMUTATION_PLUS_TEMPLATES]:C(window_gates)[T.64]:C(budget_seconds)[T.30],2.145888235823866,2.0783796496417866,14,-2.3117927691652853,6.603569240813018,0.31935393914630533,0.50385,19999,20260826,EXPLORATORY_EQUAL_FAMILY_MODEL_BASED_SENSITIVITY,False,False,BLOCKED,E31_POSTHOC_FACTORIAL_71,71,1.0,1.0
C(rule_set)[T.COMMUTATION_PLUS_TEMPLATES]:C(window_gates)[T.64]:C(budget_seconds)[T.120],2.153207076403576,2.077825093663238,14,-2.303284524305079,6.609698677112231,0.317640533208088,0.50385,19999,20260826,EXPLORATORY_EQUAL_FAMILY_MODEL_BASED_SENSITIVITY,False,False,BLOCKED,E31_POSTHOC_FACTORIAL_71,71,1.0,1.0
C(listing_model)[T.WCL]:C(rule_set)[T.COMMUTATION_PLUS_TEMPLATES]:C(window_gates)[T.16]:C(budget_seconds)[T.10],-0.04396562771559428,0.1931349475164892,14,-0.45819889212049475,0.37026763668930623,0.8232155003351045,0.62585,19999,20260826,EXPLORATORY_EQUAL_FAMILY_MODEL_BASED_SENSITIVITY,False,False,BLOCKED,E31_POSTHOC_FACTORIAL_71,71,1.0,1.0
C(listing_model)[T.WCL]:C(rule_set)[T.COMMUTATION_PLUS_TEMPLATES]:C(window_gates)[T.16]:C(budget_seconds)[T.30],-0.17284012659402734,0.14808548776260838,14,-0.49045190942095485,0.14477165623290014,0.26263959942820614,0.3742,19999,20260826,EXPLORATORY_EQUAL_FAMILY_MODEL_BASED_SENSITIVITY,False,False,BLOCKED,E31_POSTHOC_FACTORIAL_71,71,1.0,1.0
C(listing_model)[T.WCL]:C(rule_set)[T.COMMUTATION_PLUS_TEMPLATES]:C(window_gates)[T.16]:C(budget_seconds)[T.120],-0.03648154487859574,0.19298938830274862,14,-0.4504026158195617,0.37743952606237025,0.8527792360682727,0.75005,19999,20260826,EXPLORATORY_EQUAL_FAMILY_MODEL_BASED_SENSITIVITY,False,False,BLOCKED,E31_POSTHOC_FACTORIAL_71,71,1.0,1.0
C(listing_model)[T.WCL]:C(rule_set)[T.COMMUTATION_PLUS_TEMPLATES]:C(window_gates)[T.64]:C(budget_seconds)[T.10],0.3796590139051599,0.2774839012577708,14,-0.215484763623762,0.9748027914340818,0.19280217843126066,0.30955,19999,20260826,EXPLORATORY_EQUAL_FAMILY_MODEL_BASED_SENSITIVITY,False,False,BLOCKED,E31_POSTHOC_FACTORIAL_71,71,1.0,1.0
C(listing_model)[T.WCL]:C(rule_set)[T.COMMUTATION_PLUS_TEMPLATES]:C(window_gates)[T.64]:C(budget_seconds)[T.30],0.3563162160263591,0.27881580397758127,14,-0.2416842087256127,0.9543166407783309,0.22204612864502682,0.3732,19999,20260826,EXPLORATORY_EQUAL_FAMILY_MODEL_BASED_SENSITIVITY,False,False,BLOCKED,E31_POSTHOC_FACTORIAL_71,71,1.0,1.0
C(listing_model)[T.WCL]:C(rule_set)[T.COMMUTATION_PLUS_TEMPLATES]:C(window_gates)[T.64]:C(budget_seconds)[T.120],0.3510263609538954,0.2792410040609831,14,-0.24788602727665787,0.9499387491844486,0.22929508911050694,0.4959,19999,20260826,EXPLORATORY_EQUAL_FAMILY_MODEL_BASED_SENSITIVITY,False,False,BLOCKED,E31_POSTHOC_FACTORIAL_71,71,1.0,1.0
C(listing_model)[T.RANDOM_TOPOLOGICAL]:C(rule_set)[T.COMMUTATION_PLUS_TEMPLATES]:C(window_gates)[T.16]:C(budget_seconds)[T.10],-0.6349206068862525,0.6977669257081565,14,-2.131481820413826,0.8616406066413211,0.3782580086821016,0.75005,19999,20260826,EXPLORATORY_EQUAL_FAMILY_MODEL_BASED_SENSITIVITY,False,False,BLOCKED,E31_POSTHOC_FACTORIAL_71,71,1.0,1.0
C(listing_model)[T.RANDOM_TOPOLOGICAL]:C(rule_set)[T.COMMUTATION_PLUS_TEMPLATES]:C(window_gates)[T.16]:C(budget_seconds)[T.30],-0.5344574661741566,0.5712223848513122,14,-1.7596076330434107,0.6906927006950976,0.3653190164467388,0.62735,19999,20260826,EXPLORATORY_EQUAL_FAMILY_MODEL_BASED_SENSITIVITY,False,False,BLOCKED,E31_POSTHOC_FACTORIAL_71,71,1.0,1.0
C(listing_model)[T.RANDOM_TOPOLOGICAL]:C(rule_set)[T.COMMUTATION_PLUS_TEMPLATES]:C(window_gates)[T.16]:C(budget_seconds)[T.120],-0.6438584217961838,0.6971227037215483,14,-2.139037916582817,0.851321072990449,0.37134275358073143,0.75005,19999,20260826,EXPLORATORY_EQUAL_FAMILY_MODEL_BASED_SENSITIVITY,False,False,BLOCKED,E31_POSTHOC_FACTORIAL_71,71,1.0,1.0
C(listing_model)[T.RANDOM_TOPOLOGICAL]:C(rule_set)[T.COMMUTATION_PLUS_TEMPLATES]:C(window_gates)[T.64]:C(budget_seconds)[T.10],-0.3754550354392938,0.4153627203045048,14,-1.2663194686053576,0.51540939772677,0.3813285038707851,0.81265,19999,20260826,EXPLORATORY_EQUAL_FAMILY_MODEL_BASED_SENSITIVITY,False,False,BLOCKED,E31_POSTHOC_FACTORIAL_71,71,1.0,1.0
C(listing_model)[T.RANDOM_TOPOLOGICAL]:C(rule_set)[T.COMMUTATION_PLUS_TEMPLATES]:C(window_gates)[T.64]:C(budget_seconds)[T.30],-0.09881311081065174,0.21199756034332393,14,-0.5535026561058783,0.3558764344845749,0.6483096461801242,0.62735,19999,20260826,EXPLORATORY_EQUAL_FAMILY_MODEL_BASED_SENSITIVITY,False,False,BLOCKED,E31_POSTHOC_FACTORIAL_71,71,1.0,1.0
C(listing_model)[T.RANDOM_TOPOLOGICAL]:C(rule_set)[T.COMMUTATION_PLUS_TEMPLATES]:C(window_gates)[T.64]:C(budget_seconds)[T.120],-0.20818010115574698,0.31565252739567534,14,-0.8851874399213246,0.46882723760983064,0.520262267176099,0.75005,19999,20260826,EXPLORATORY_EQUAL_FAMILY_MODEL_BASED_SENSITIVITY,False,False,BLOCKED,E31_POSTHOC_FACTORIAL_71,71,1.0,1.0
