experiment,part,circuit_family,circuit_type,n_qubits,depth,trial,seed,optimizer,gate_count,original_size,optimized_size,reduction,fidelity,success,runtime_seconds
10,random,Universal,random,5,20,0,42,greedy_phase1,100,100,100,0.0,0.9999999999999918,False,0.0019989013671875
10,random,Universal,random,5,20,0,42,commutation_phase2,100,100,92,0.07999999999999996,0.9999999999999931,False,0.020313024520874023
10,random,Universal,random,5,20,0,42,hybrid_phase1_2,100,100,92,0.07999999999999996,0.9999999999999931,False,0.14229321479797363
10,random,Universal,random,5,20,1,43,greedy_phase1,100,100,100,0.0,0.9999999999999901,False,0.0020074844360351562
10,random,Universal,random,5,20,1,43,commutation_phase2,100,100,94,0.06000000000000005,0.9999999999999913,False,0.016554832458496094
10,random,Universal,random,5,20,1,43,hybrid_phase1_2,100,100,94,0.06000000000000005,0.9999999999999913,False,0.237199068069458
10,random,Universal,random,5,20,2,44,greedy_phase1,100,100,100,0.0,0.9999999999999908,False,0.0019991397857666016
10,random,Universal,random,5,20,2,44,commutation_phase2,100,100,94,0.06000000000000005,0.9999999999999918,False,0.015512704849243164
10,random,Universal,random,5,20,2,44,hybrid_phase1_2,100,100,94,0.06000000000000005,0.9999999999999918,False,0.16038274765014648
10,random,Universal,random,5,20,3,45,greedy_phase1,100,100,100,0.0,0.9999999999999918,False,0.006744384765625
10,random,Universal,random,5,20,3,45,commutation_phase2,100,100,98,0.020000000000000018,0.9999999999999922,False,0.0080108642578125
10,random,Universal,random,5,20,3,45,hybrid_phase1_2,100,100,98,0.020000000000000018,0.9999999999999922,False,0.18169069290161133
10,random,Universal,random,5,20,4,46,greedy_phase1,100,100,100,0.0,0.9999999999999927,False,0.0019974708557128906
10,random,Universal,random,5,20,4,46,commutation_phase2,100,100,100,0.0,0.9999999999999927,False,0.00636744499206543
10,random,Universal,random,5,20,4,46,hybrid_phase1_2,100,100,100,0.0,0.9999999999999927,False,0.20020270347595215
10,random,Universal,random,5,20,5,47,greedy_phase1,100,100,100,0.0,0.9999999999999929,False,0.0343632698059082
10,random,Universal,random,5,20,5,47,commutation_phase2,100,100,100,0.0,0.9999999999999929,False,0.008861064910888672
10,random,Universal,random,5,20,5,47,hybrid_phase1_2,100,100,100,0.0,0.9999999999999929,False,0.17352795600891113
10,random,Universal,random,5,20,6,48,greedy_phase1,100,100,100,0.0,0.999999999999994,False,0.0015225410461425781
10,random,Universal,random,5,20,6,48,commutation_phase2,100,100,96,0.040000000000000036,0.9999999999999948,False,0.016002655029296875
10,random,Universal,random,5,20,6,48,hybrid_phase1_2,100,100,96,0.040000000000000036,0.9999999999999948,False,0.2216358184814453
10,random,Universal,random,5,20,7,49,greedy_phase1,100,100,100,0.0,0.9999999999999948,False,0.0070002079010009766
10,random,Universal,random,5,20,7,49,commutation_phase2,100,100,98,0.020000000000000018,0.9999999999999952,False,0.010001897811889648
10,random,Universal,random,5,20,7,49,hybrid_phase1_2,100,100,98,0.020000000000000018,0.9999999999999952,False,0.27556705474853516
10,random,Universal,random,5,20,8,50,greedy_phase1,100,100,100,0.0,0.9999999999999913,False,0.008007287979125977
10,random,Universal,random,5,20,8,50,commutation_phase2,100,100,94,0.06000000000000005,0.9999999999999927,False,0.06509232521057129
10,random,Universal,random,5,20,8,50,hybrid_phase1_2,100,100,94,0.06000000000000005,0.9999999999999927,False,0.18666338920593262
10,random,Universal,random,5,20,9,51,greedy_phase1,100,100,100,0.0,0.9999999999999918,False,0.0031342506408691406
10,random,Universal,random,5,20,9,51,commutation_phase2,100,100,98,0.020000000000000018,0.9999999999999918,False,0.013999700546264648
10,random,Universal,random,5,20,9,51,hybrid_phase1_2,100,100,98,0.020000000000000018,0.9999999999999918,False,0.10007619857788086
10,random,Universal,random,5,20,10,52,greedy_phase1,100,100,100,0.0,0.9999999999999892,False,0.0015151500701904297
10,random,Universal,random,5,20,10,52,commutation_phase2,100,100,94,0.06000000000000005,0.9999999999999903,False,0.030176401138305664
10,random,Universal,random,5,20,10,52,hybrid_phase1_2,100,100,94,0.06000000000000005,0.9999999999999903,False,0.1288914680480957
10,random,Universal,random,5,20,11,53,greedy_phase1,100,100,100,0.0,0.9999999999999931,False,0.002001523971557617
10,random,Universal,random,5,20,11,53,commutation_phase2,100,100,96,0.040000000000000036,0.999999999999994,False,0.013000249862670898
10,random,Universal,random,5,20,11,53,hybrid_phase1_2,100,100,96,0.040000000000000036,0.999999999999994,False,0.10780596733093262
10,random,Universal,random,5,20,12,54,greedy_phase1,100,100,100,0.0,0.9999999999999938,False,0.0019998550415039062
10,random,Universal,random,5,20,12,54,commutation_phase2,100,100,100,0.0,0.9999999999999938,False,0.006999492645263672
10,random,Universal,random,5,20,12,54,hybrid_phase1_2,100,100,100,0.0,0.9999999999999938,False,0.09400534629821777
10,random,Universal,random,5,20,13,55,greedy_phase1,100,100,100,0.0,0.9999999999999931,False,0.0029993057250976562
10,random,Universal,random,5,20,13,55,commutation_phase2,100,100,100,0.0,0.9999999999999931,False,0.009005308151245117
10,random,Universal,random,5,20,13,55,hybrid_phase1_2,100,100,100,0.0,0.9999999999999931,False,0.10040640830993652
10,random,Universal,random,5,20,14,56,greedy_phase1,100,100,100,0.0,0.9999999999999879,False,0.002026796340942383
10,random,Universal,random,5,20,14,56,commutation_phase2,100,100,94,0.06000000000000005,0.999999999999989,False,0.015711307525634766
10,random,Universal,random,5,20,14,56,hybrid_phase1_2,100,100,94,0.06000000000000005,0.999999999999989,False,0.1403815746307373
10,random,Universal,random,5,20,15,57,greedy_phase1,100,100,100,0.0,0.9999999999999925,False,0.0025756359100341797
10,random,Universal,random,5,20,15,57,commutation_phase2,100,100,98,0.020000000000000018,0.9999999999999927,False,0.012080192565917969
10,random,Universal,random,5,20,15,57,hybrid_phase1_2,100,100,98,0.020000000000000018,0.9999999999999927,False,0.11931729316711426
10,random,Universal,random,5,20,16,58,greedy_phase1,100,100,100,0.0,0.9999999999999922,False,0.00531458854675293
10,random,Universal,random,5,20,16,58,commutation_phase2,100,100,98,0.020000000000000018,0.9999999999999922,False,0.012295007705688477
10,random,Universal,random,5,20,16,58,hybrid_phase1_2,100,100,98,0.020000000000000018,0.9999999999999922,False,0.09892940521240234
10,random,Universal,random,5,20,17,59,greedy_phase1,100,100,100,0.0,0.9999999999999927,False,0.002831697463989258
10,random,Universal,random,5,20,17,59,commutation_phase2,100,100,96,0.040000000000000036,0.9999999999999936,False,0.013915300369262695
10,random,Universal,random,5,20,17,59,hybrid_phase1_2,100,100,96,0.040000000000000036,0.9999999999999936,False,0.08970069885253906
10,random,Universal,random,5,20,18,60,greedy_phase1,100,100,100,0.0,0.999999999999994,False,0.0029976367950439453
10,random,Universal,random,5,20,18,60,commutation_phase2,100,100,98,0.020000000000000018,0.9999999999999947,False,0.009372949600219727
10,random,Universal,random,5,20,18,60,hybrid_phase1_2,100,100,98,0.020000000000000018,0.9999999999999947,False,0.08783078193664551
10,random,Universal,random,5,20,19,61,greedy_phase1,100,100,100,0.0,0.9999999999999931,False,0.0018296241760253906
10,random,Universal,random,5,20,19,61,commutation_phase2,100,100,98,0.020000000000000018,0.9999999999999936,False,0.012121200561523438
10,random,Universal,random,5,20,19,61,hybrid_phase1_2,100,100,98,0.020000000000000018,0.9999999999999936,False,0.08691668510437012
10,random,Universal,random,5,20,20,62,greedy_phase1,100,100,100,0.0,0.9999999999999927,False,0.0021598339080810547
10,random,Universal,random,5,20,20,62,commutation_phase2,100,100,98,0.020000000000000018,0.9999999999999931,False,0.013521671295166016
10,random,Universal,random,5,20,20,62,hybrid_phase1_2,100,100,98,0.020000000000000018,0.9999999999999931,False,0.09636282920837402
10,random,Universal,random,5,20,21,63,greedy_phase1,100,100,100,0.0,0.9999999999999942,False,0.001512765884399414
10,random,Universal,random,5,20,21,63,commutation_phase2,100,100,100,0.0,0.9999999999999942,False,0.007997751235961914
10,random,Universal,random,5,20,21,63,hybrid_phase1_2,100,100,100,0.0,0.9999999999999942,False,0.09689164161682129
10,random,Universal,random,5,20,22,64,greedy_phase1,100,100,100,0.0,0.9999999999999906,False,0.002271890640258789
10,random,Universal,random,5,20,22,64,commutation_phase2,100,100,96,0.040000000000000036,0.9999999999999913,False,0.014720678329467773
10,random,Universal,random,5,20,22,64,hybrid_phase1_2,100,100,96,0.040000000000000036,0.9999999999999913,False,0.10269832611083984
10,random,Universal,random,5,20,23,65,greedy_phase1,100,100,100,0.0,0.999999999999994,False,0.0023622512817382812
10,random,Universal,random,5,20,23,65,commutation_phase2,100,100,98,0.020000000000000018,0.9999999999999944,False,0.009800195693969727
10,random,Universal,random,5,20,23,65,hybrid_phase1_2,100,100,98,0.020000000000000018,0.9999999999999944,False,0.09648680686950684
10,random,Universal,random,5,20,24,66,greedy_phase1,100,100,100,0.0,0.9999999999999944,False,0.0025146007537841797
10,random,Universal,random,5,20,24,66,commutation_phase2,100,100,100,0.0,0.9999999999999944,False,0.009506464004516602
10,random,Universal,random,5,20,24,66,hybrid_phase1_2,100,100,100,0.0,0.9999999999999944,False,0.10096049308776855
10,random,Universal,random,5,20,25,67,greedy_phase1,100,100,100,0.0,0.9999999999999913,False,0.0042591094970703125
10,random,Universal,random,5,20,25,67,commutation_phase2,100,100,96,0.040000000000000036,0.9999999999999922,False,0.015997648239135742
10,random,Universal,random,5,20,25,67,hybrid_phase1_2,100,100,96,0.040000000000000036,0.9999999999999922,False,0.10515809059143066
10,random,Universal,random,5,20,26,68,greedy_phase1,100,100,100,0.0,0.999999999999994,False,0.003000020980834961
10,random,Universal,random,5,20,26,68,commutation_phase2,100,100,100,0.0,0.999999999999994,False,0.009199142456054688
10,random,Universal,random,5,20,26,68,hybrid_phase1_2,100,100,100,0.0,0.999999999999994,False,0.09618115425109863
10,random,Universal,random,5,20,27,69,greedy_phase1,100,100,100,0.0,0.999999999999991,False,0.003000020980834961
10,random,Universal,random,5,20,27,69,commutation_phase2,100,100,94,0.06000000000000005,0.9999999999999918,False,0.014518022537231445
10,random,Universal,random,5,20,27,69,hybrid_phase1_2,100,100,94,0.06000000000000005,0.9999999999999918,False,0.10563468933105469
10,random,Universal,random,5,20,28,70,greedy_phase1,100,100,100,0.0,0.9999999999999944,False,0.0019986629486083984
10,random,Universal,random,5,20,28,70,commutation_phase2,100,100,96,0.040000000000000036,0.9999999999999948,False,0.01509857177734375
10,random,Universal,random,5,20,28,70,hybrid_phase1_2,100,100,96,0.040000000000000036,0.9999999999999948,False,0.10890913009643555
10,random,Universal,random,5,20,29,71,greedy_phase1,100,100,100,0.0,0.9999999999999913,False,0.0023317337036132812
10,random,Universal,random,5,20,29,71,commutation_phase2,100,100,88,0.12,0.9999999999999929,False,0.020839691162109375
10,random,Universal,random,5,20,29,71,hybrid_phase1_2,100,100,88,0.12,0.9999999999999929,False,0.10940098762512207
10,random,Universal,random,5,20,30,72,greedy_phase1,100,100,100,0.0,0.9999999999999895,False,0.001994609832763672
10,random,Universal,random,5,20,30,72,commutation_phase2,100,100,94,0.06000000000000005,0.9999999999999908,False,0.015006542205810547
10,random,Universal,random,5,20,30,72,hybrid_phase1_2,100,100,94,0.06000000000000005,0.9999999999999908,False,0.08581423759460449
10,random,Universal,random,5,20,31,73,greedy_phase1,100,100,100,0.0,0.9999999999999911,False,0.002000093460083008
10,random,Universal,random,5,20,31,73,commutation_phase2,100,100,94,0.06000000000000005,0.9999999999999922,False,0.02100372314453125
10,random,Universal,random,5,20,31,73,hybrid_phase1_2,100,100,94,0.06000000000000005,0.9999999999999922,False,0.10147976875305176
10,random,Universal,random,5,20,32,74,greedy_phase1,100,100,100,0.0,0.9999999999999936,False,0.0019996166229248047
10,random,Universal,random,5,20,32,74,commutation_phase2,100,100,96,0.040000000000000036,0.999999999999994,False,0.010732412338256836
10,random,Universal,random,5,20,32,74,hybrid_phase1_2,100,100,96,0.040000000000000036,0.999999999999994,False,0.09101104736328125
10,random,Universal,random,5,20,33,75,greedy_phase1,100,100,100,0.0,0.9999999999999911,False,0.002454996109008789
10,random,Universal,random,5,20,33,75,commutation_phase2,100,100,100,0.0,0.9999999999999911,False,0.007297992706298828
10,random,Universal,random,5,20,33,75,hybrid_phase1_2,100,100,100,0.0,0.9999999999999911,False,0.08887624740600586
10,random,Universal,random,5,20,34,76,greedy_phase1,100,100,100,0.0,0.9999999999999922,False,0.0029990673065185547
10,random,Universal,random,5,20,34,76,commutation_phase2,100,100,98,0.020000000000000018,0.9999999999999927,False,0.009143829345703125
10,random,Universal,random,5,20,34,76,hybrid_phase1_2,100,100,98,0.020000000000000018,0.9999999999999927,False,0.09470701217651367
10,random,Universal,random,5,20,35,77,greedy_phase1,100,100,100,0.0,0.9999999999999936,False,0.001531362533569336
10,random,Universal,random,5,20,35,77,commutation_phase2,100,100,96,0.040000000000000036,0.9999999999999942,False,0.009011030197143555
10,random,Universal,random,5,20,35,77,hybrid_phase1_2,100,100,96,0.040000000000000036,0.9999999999999942,False,1.0895743370056152
10,random,Universal,random,5,20,36,78,greedy_phase1,100,100,100,0.0,0.9999999999999916,False,0.002002239227294922
10,random,Universal,random,5,20,36,78,commutation_phase2,100,100,92,0.07999999999999996,0.9999999999999931,False,0.013515233993530273
10,random,Universal,random,5,20,36,78,hybrid_phase1_2,100,100,92,0.07999999999999996,0.9999999999999931,False,0.06737709045410156
10,random,Universal,random,5,20,37,79,greedy_phase1,100,100,100,0.0,0.9999999999999903,False,0.0009961128234863281
10,random,Universal,random,5,20,37,79,commutation_phase2,100,100,96,0.040000000000000036,0.999999999999991,False,0.009316444396972656
10,random,Universal,random,5,20,37,79,hybrid_phase1_2,100,100,96,0.040000000000000036,0.999999999999991,False,0.09379911422729492
10,random,Universal,random,5,20,38,80,greedy_phase1,100,100,100,0.0,0.9999999999999922,False,0.001409292221069336
10,random,Universal,random,5,20,38,80,commutation_phase2,100,100,96,0.040000000000000036,0.9999999999999931,False,0.016014575958251953
10,random,Universal,random,5,20,38,80,hybrid_phase1_2,100,100,96,0.040000000000000036,0.9999999999999931,False,0.07084178924560547
10,random,Universal,random,5,20,39,81,greedy_phase1,100,100,100,0.0,0.9999999999999925,False,0.003099203109741211
10,random,Universal,random,5,20,39,81,commutation_phase2,100,100,98,0.020000000000000018,0.9999999999999929,False,0.0056743621826171875
10,random,Universal,random,5,20,39,81,hybrid_phase1_2,100,100,98,0.020000000000000018,0.9999999999999929,False,0.08364200592041016
10,random,Universal,random,5,20,40,82,greedy_phase1,100,100,100,0.0,0.9999999999999936,False,0.0019986629486083984
10,random,Universal,random,5,20,40,82,commutation_phase2,100,100,98,0.020000000000000018,0.9999999999999936,False,0.009549140930175781
10,random,Universal,random,5,20,40,82,hybrid_phase1_2,100,100,98,0.020000000000000018,0.9999999999999936,False,0.06932830810546875
10,random,Universal,random,5,20,41,83,greedy_phase1,100,100,100,0.0,0.9999999999999901,False,0.0019974708557128906
10,random,Universal,random,5,20,41,83,commutation_phase2,100,100,98,0.020000000000000018,0.9999999999999906,False,0.009002685546875
10,random,Universal,random,5,20,41,83,hybrid_phase1_2,100,100,98,0.020000000000000018,0.9999999999999906,False,0.0762019157409668
10,random,Universal,random,5,20,42,84,greedy_phase1,100,100,100,0.0,0.999999999999991,False,0.002000093460083008
10,random,Universal,random,5,20,42,84,commutation_phase2,100,100,94,0.06000000000000005,0.999999999999992,False,0.01300501823425293
10,random,Universal,random,5,20,42,84,hybrid_phase1_2,100,100,94,0.06000000000000005,0.999999999999992,False,0.09596967697143555
10,random,Universal,random,5,20,43,85,greedy_phase1,100,100,100,0.0,0.999999999999992,False,0.0020008087158203125
10,random,Universal,random,5,20,43,85,commutation_phase2,100,100,98,0.020000000000000018,0.9999999999999922,False,0.004999399185180664
10,random,Universal,random,5,20,43,85,hybrid_phase1_2,100,100,98,0.020000000000000018,0.9999999999999922,False,0.06241178512573242
10,random,Universal,random,5,20,44,86,greedy_phase1,100,100,100,0.0,0.9999999999999883,False,0.0009992122650146484
10,random,Universal,random,5,20,44,86,commutation_phase2,100,100,100,0.0,0.9999999999999883,False,0.0060002803802490234
10,random,Universal,random,5,20,44,86,hybrid_phase1_2,100,100,100,0.0,0.9999999999999883,False,0.0598297119140625
10,random,Universal,random,5,20,45,87,greedy_phase1,100,100,100,0.0,0.9999999999999925,False,0.002002716064453125
10,random,Universal,random,5,20,45,87,commutation_phase2,100,100,100,0.0,0.9999999999999925,False,0.004000425338745117
10,random,Universal,random,5,20,45,87,hybrid_phase1_2,100,100,100,0.0,0.9999999999999925,False,0.053464651107788086
10,random,Universal,random,5,20,46,88,greedy_phase1,100,100,100,0.0,0.9999999999999881,False,0.0019996166229248047
10,random,Universal,random,5,20,46,88,commutation_phase2,100,100,98,0.020000000000000018,0.9999999999999883,False,0.012827634811401367
10,random,Universal,random,5,20,46,88,hybrid_phase1_2,100,100,98,0.020000000000000018,0.9999999999999883,False,0.08363699913024902
10,random,Universal,random,5,20,47,89,greedy_phase1,100,100,100,0.0,0.9999999999999922,False,0.0029981136322021484
10,random,Universal,random,5,20,47,89,commutation_phase2,100,100,96,0.040000000000000036,0.9999999999999931,False,0.011063814163208008
10,random,Universal,random,5,20,47,89,hybrid_phase1_2,100,100,96,0.040000000000000036,0.9999999999999931,False,0.06865882873535156
10,random,Universal,random,5,20,48,90,greedy_phase1,100,100,100,0.0,0.9999999999999922,False,0.0010581016540527344
10,random,Universal,random,5,20,48,90,commutation_phase2,100,100,98,0.020000000000000018,0.9999999999999927,False,0.004000663757324219
10,random,Universal,random,5,20,48,90,hybrid_phase1_2,100,100,98,0.020000000000000018,0.9999999999999927,False,0.04863238334655762
10,random,Universal,random,5,20,49,91,greedy_phase1,100,100,100,0.0,0.9999999999999916,False,0.001585245132446289
10,random,Universal,random,5,20,49,91,commutation_phase2,100,100,96,0.040000000000000036,0.9999999999999927,False,0.0184175968170166
10,random,Universal,random,5,20,49,91,hybrid_phase1_2,100,100,96,0.040000000000000036,0.9999999999999927,False,0.06870603561401367
10,random,Universal,random,5,20,50,92,greedy_phase1,100,100,100,0.0,0.9999999999999936,False,0.00099945068359375
10,random,Universal,random,5,20,50,92,commutation_phase2,100,100,98,0.020000000000000018,0.999999999999994,False,0.005998849868774414
10,random,Universal,random,5,20,50,92,hybrid_phase1_2,100,100,98,0.020000000000000018,0.999999999999994,False,0.057845354080200195
10,random,Universal,random,5,20,51,93,greedy_phase1,100,100,100,0.0,0.9999999999999918,False,0.0010001659393310547
10,random,Universal,random,5,20,51,93,commutation_phase2,100,100,98,0.020000000000000018,0.999999999999992,False,0.011999368667602539
10,random,Universal,random,5,20,51,93,hybrid_phase1_2,100,100,98,0.020000000000000018,0.999999999999992,False,0.07051396369934082
10,random,Universal,random,5,20,52,94,greedy_phase1,100,100,100,0.0,0.9999999999999899,False,0.001997232437133789
10,random,Universal,random,5,20,52,94,commutation_phase2,100,100,88,0.12,0.9999999999999911,False,0.01150965690612793
10,random,Universal,random,5,20,52,94,hybrid_phase1_2,100,100,88,0.12,0.9999999999999911,False,0.06630992889404297
10,random,Universal,random,5,20,53,95,greedy_phase1,100,100,100,0.0,0.9999999999999948,False,0.0028107166290283203
10,random,Universal,random,5,20,53,95,commutation_phase2,100,100,96,0.040000000000000036,0.9999999999999961,False,0.009139537811279297
10,random,Universal,random,5,20,53,95,hybrid_phase1_2,100,100,96,0.040000000000000036,0.9999999999999961,False,0.06227755546569824
10,random,Universal,random,5,20,54,96,greedy_phase1,100,100,100,0.0,0.9999999999999918,False,0.0010004043579101562
10,random,Universal,random,5,20,54,96,commutation_phase2,100,100,98,0.020000000000000018,0.9999999999999922,False,0.003999948501586914
10,random,Universal,random,5,20,54,96,hybrid_phase1_2,100,100,98,0.020000000000000018,0.9999999999999922,False,0.07649540901184082
10,random,Universal,random,5,20,55,97,greedy_phase1,100,100,100,0.0,0.9999999999999897,False,0.0019986629486083984
10,random,Universal,random,5,20,55,97,commutation_phase2,100,100,94,0.06000000000000005,0.9999999999999906,False,0.01898193359375
10,random,Universal,random,5,20,55,97,hybrid_phase1_2,100,100,94,0.06000000000000005,0.9999999999999906,False,0.08046770095825195
10,random,Universal,random,5,20,56,98,greedy_phase1,100,100,100,0.0,0.9999999999999927,False,0.002000093460083008
10,random,Universal,random,5,20,56,98,commutation_phase2,100,100,96,0.040000000000000036,0.9999999999999936,False,0.01562190055847168
10,random,Universal,random,5,20,56,98,hybrid_phase1_2,100,100,96,0.040000000000000036,0.9999999999999936,False,0.07275056838989258
10,random,Universal,random,5,20,57,99,greedy_phase1,100,100,100,0.0,0.9999999999999938,False,0.0015604496002197266
10,random,Universal,random,5,20,57,99,commutation_phase2,100,100,96,0.040000000000000036,0.9999999999999948,False,0.01099848747253418
10,random,Universal,random,5,20,57,99,hybrid_phase1_2,100,100,96,0.040000000000000036,0.9999999999999948,False,0.06439423561096191
10,random,Universal,random,5,20,58,100,greedy_phase1,100,100,100,0.0,0.9999999999999911,False,0.002006053924560547
10,random,Universal,random,5,20,58,100,commutation_phase2,100,100,98,0.020000000000000018,0.9999999999999916,False,0.012858390808105469
10,random,Universal,random,5,20,58,100,hybrid_phase1_2,100,100,98,0.020000000000000018,0.9999999999999916,False,0.08309555053710938
10,random,Universal,random,5,20,59,101,greedy_phase1,100,100,100,0.0,0.9999999999999927,False,0.0010464191436767578
10,random,Universal,random,5,20,59,101,commutation_phase2,100,100,96,0.040000000000000036,0.9999999999999931,False,0.01550745964050293
10,random,Universal,random,5,20,59,101,hybrid_phase1_2,100,100,96,0.040000000000000036,0.9999999999999931,False,0.0620267391204834
10,random,Universal,random,5,20,60,102,greedy_phase1,100,100,100,0.0,0.9999999999999913,False,0.0021011829376220703
10,random,Universal,random,5,20,60,102,commutation_phase2,100,100,98,0.020000000000000018,0.9999999999999913,False,0.004462003707885742
10,random,Universal,random,5,20,60,102,hybrid_phase1_2,100,100,98,0.020000000000000018,0.9999999999999913,False,0.0527491569519043
10,random,Universal,random,5,20,61,103,greedy_phase1,100,100,100,0.0,0.9999999999999918,False,0.0019996166229248047
10,random,Universal,random,5,20,61,103,commutation_phase2,100,100,96,0.040000000000000036,0.9999999999999925,False,0.012920141220092773
10,random,Universal,random,5,20,61,103,hybrid_phase1_2,100,100,96,0.040000000000000036,0.9999999999999925,False,0.058492422103881836
10,random,Universal,random,5,20,62,104,greedy_phase1,100,100,100,0.0,0.999999999999991,False,0.0019843578338623047
10,random,Universal,random,5,20,62,104,commutation_phase2,100,100,98,0.020000000000000018,0.9999999999999913,False,0.007833242416381836
10,random,Universal,random,5,20,62,104,hybrid_phase1_2,100,100,98,0.020000000000000018,0.9999999999999913,False,0.07525134086608887
10,random,Universal,random,5,20,63,105,greedy_phase1,100,100,100,0.0,0.9999999999999897,False,0.0009999275207519531
10,random,Universal,random,5,20,63,105,commutation_phase2,100,100,96,0.040000000000000036,0.9999999999999906,False,0.009488344192504883
10,random,Universal,random,5,20,63,105,hybrid_phase1_2,100,100,96,0.040000000000000036,0.9999999999999906,False,0.04935193061828613
10,random,Universal,random,5,20,64,106,greedy_phase1,100,100,100,0.0,0.9999999999999913,False,0.0019998550415039062
10,random,Universal,random,5,20,64,106,commutation_phase2,100,100,96,0.040000000000000036,0.9999999999999922,False,0.00939035415649414
10,random,Universal,random,5,20,64,106,hybrid_phase1_2,100,100,96,0.040000000000000036,0.9999999999999922,False,0.0570673942565918
10,random,Universal,random,5,20,65,107,greedy_phase1,100,100,100,0.0,0.999999999999991,False,0.002960205078125
10,random,Universal,random,5,20,65,107,commutation_phase2,100,100,96,0.040000000000000036,0.9999999999999916,False,0.01432657241821289
10,random,Universal,random,5,20,65,107,hybrid_phase1_2,100,100,96,0.040000000000000036,0.9999999999999916,False,0.0807645320892334
10,random,Universal,random,5,20,66,108,greedy_phase1,100,100,100,0.0,0.9999999999999897,False,0.0020067691802978516
10,random,Universal,random,5,20,66,108,commutation_phase2,100,100,96,0.040000000000000036,0.9999999999999903,False,0.010506153106689453
10,random,Universal,random,5,20,66,108,hybrid_phase1_2,100,100,96,0.040000000000000036,0.9999999999999903,False,0.068603515625
10,random,Universal,random,5,20,67,109,greedy_phase1,100,100,100,0.0,0.9999999999999927,False,0.001997232437133789
10,random,Universal,random,5,20,67,109,commutation_phase2,100,100,98,0.020000000000000018,0.9999999999999927,False,0.010009527206420898
10,random,Universal,random,5,20,67,109,hybrid_phase1_2,100,100,98,0.020000000000000018,0.9999999999999927,False,0.06984782218933105
10,random,Universal,random,5,20,68,110,greedy_phase1,100,100,100,0.0,0.9999999999999901,False,0.0009989738464355469
10,random,Universal,random,5,20,68,110,commutation_phase2,100,100,98,0.020000000000000018,0.9999999999999906,False,0.00699615478515625
10,random,Universal,random,5,20,68,110,hybrid_phase1_2,100,100,98,0.020000000000000018,0.9999999999999906,False,0.060881614685058594
10,random,Universal,random,5,20,69,111,greedy_phase1,100,100,100,0.0,0.9999999999999911,False,0.0019881725311279297
10,random,Universal,random,5,20,69,111,commutation_phase2,100,100,96,0.040000000000000036,0.9999999999999918,False,0.007298707962036133
10,random,Universal,random,5,20,69,111,hybrid_phase1_2,100,100,96,0.040000000000000036,0.9999999999999918,False,0.0669105052947998
10,random,Universal,random,5,20,70,112,greedy_phase1,100,100,100,0.0,0.9999999999999927,False,0.0019986629486083984
10,random,Universal,random,5,20,70,112,commutation_phase2,100,100,96,0.040000000000000036,0.9999999999999931,False,0.0060002803802490234
10,random,Universal,random,5,20,70,112,hybrid_phase1_2,100,100,96,0.040000000000000036,0.9999999999999931,False,0.07141304016113281
10,random,Universal,random,5,20,71,113,greedy_phase1,100,100,100,0.0,0.9999999999999931,False,0.0030498504638671875
10,random,Universal,random,5,20,71,113,commutation_phase2,100,100,100,0.0,0.9999999999999931,False,0.006984233856201172
10,random,Universal,random,5,20,71,113,hybrid_phase1_2,100,100,100,0.0,0.9999999999999931,False,0.0651707649230957
10,random,Universal,random,5,20,72,114,greedy_phase1,100,100,100,0.0,0.999999999999992,False,0.0009999275207519531
10,random,Universal,random,5,20,72,114,commutation_phase2,100,100,98,0.020000000000000018,0.9999999999999925,False,0.007033586502075195
10,random,Universal,random,5,20,72,114,hybrid_phase1_2,100,100,98,0.020000000000000018,0.9999999999999925,False,0.058344125747680664
10,random,Universal,random,5,20,73,115,greedy_phase1,100,100,100,0.0,0.9999999999999903,False,0.0015501976013183594
10,random,Universal,random,5,20,73,115,commutation_phase2,100,100,96,0.040000000000000036,0.999999999999991,False,0.011357545852661133
10,random,Universal,random,5,20,73,115,hybrid_phase1_2,100,100,96,0.040000000000000036,0.999999999999991,False,0.04899191856384277
10,random,Universal,random,5,20,74,116,greedy_phase1,100,100,100,0.0,0.9999999999999936,False,0.0019273757934570312
10,random,Universal,random,5,20,74,116,commutation_phase2,100,100,100,0.0,0.9999999999999936,False,0.003988504409790039
10,random,Universal,random,5,20,74,116,hybrid_phase1_2,100,100,100,0.0,0.9999999999999936,False,0.0646209716796875
10,random,Universal,random,5,20,75,117,greedy_phase1,100,100,100,0.0,0.9999999999999931,False,0.002000570297241211
10,random,Universal,random,5,20,75,117,commutation_phase2,100,100,100,0.0,0.9999999999999931,False,0.0049855709075927734
10,random,Universal,random,5,20,75,117,hybrid_phase1_2,100,100,100,0.0,0.9999999999999931,False,0.07048487663269043
10,random,Universal,random,5,20,76,118,greedy_phase1,100,100,100,0.0,0.9999999999999918,False,0.0021691322326660156
10,random,Universal,random,5,20,76,118,commutation_phase2,100,100,96,0.040000000000000036,0.9999999999999927,False,0.010330915451049805
10,random,Universal,random,5,20,76,118,hybrid_phase1_2,100,100,96,0.040000000000000036,0.9999999999999927,False,0.06356978416442871
10,random,Universal,random,5,20,77,119,greedy_phase1,100,100,100,0.0,0.9999999999999901,False,0.0005288124084472656
10,random,Universal,random,5,20,77,119,commutation_phase2,100,100,98,0.020000000000000018,0.9999999999999906,False,0.005505561828613281
10,random,Universal,random,5,20,77,119,hybrid_phase1_2,100,100,98,0.020000000000000018,0.9999999999999906,False,0.060472726821899414
10,random,Universal,random,5,20,78,120,greedy_phase1,100,100,100,0.0,0.999999999999991,False,0.002219676971435547
10,random,Universal,random,5,20,78,120,commutation_phase2,100,100,96,0.040000000000000036,0.9999999999999913,False,0.011774301528930664
10,random,Universal,random,5,20,78,120,hybrid_phase1_2,100,100,96,0.040000000000000036,0.9999999999999913,False,0.05177760124206543
10,random,Universal,random,5,20,79,121,greedy_phase1,100,100,100,0.0,0.999999999999991,False,0.0020079612731933594
10,random,Universal,random,5,20,79,121,commutation_phase2,100,100,98,0.020000000000000018,0.9999999999999913,False,0.012001752853393555
10,random,Universal,random,5,20,79,121,hybrid_phase1_2,100,100,98,0.020000000000000018,0.9999999999999913,False,0.0637660026550293
10,random,Universal,random,5,20,80,122,greedy_phase1,100,100,100,0.0,0.9999999999999913,False,0.0030012130737304688
10,random,Universal,random,5,20,80,122,commutation_phase2,100,100,96,0.040000000000000036,0.9999999999999925,False,0.013481855392456055
10,random,Universal,random,5,20,80,122,hybrid_phase1_2,100,100,96,0.040000000000000036,0.9999999999999925,False,0.07168245315551758
10,random,Universal,random,5,20,81,123,greedy_phase1,100,100,100,0.0,0.999999999999991,False,0.0015361309051513672
10,random,Universal,random,5,20,81,123,commutation_phase2,100,100,98,0.020000000000000018,0.9999999999999911,False,0.010027647018432617
10,random,Universal,random,5,20,81,123,hybrid_phase1_2,100,100,98,0.020000000000000018,0.9999999999999911,False,0.06004500389099121
10,random,Universal,random,5,20,82,124,greedy_phase1,100,100,100,0.0,0.9999999999999918,False,0.0010001659393310547
10,random,Universal,random,5,20,82,124,commutation_phase2,100,100,100,0.0,0.9999999999999918,False,0.0039958953857421875
10,random,Universal,random,5,20,82,124,hybrid_phase1_2,100,100,100,0.0,0.9999999999999918,False,0.06981492042541504
10,random,Universal,random,5,20,83,125,greedy_phase1,100,100,100,0.0,0.999999999999991,False,0.0010023117065429688
10,random,Universal,random,5,20,83,125,commutation_phase2,100,100,96,0.040000000000000036,0.9999999999999918,False,0.005000114440917969
10,random,Universal,random,5,20,83,125,hybrid_phase1_2,100,100,96,0.040000000000000036,0.9999999999999918,False,0.05867791175842285
10,random,Universal,random,5,20,84,126,greedy_phase1,100,100,100,0.0,0.9999999999999929,False,0.0020072460174560547
10,random,Universal,random,5,20,84,126,commutation_phase2,100,100,96,0.040000000000000036,0.9999999999999933,False,0.006517171859741211
10,random,Universal,random,5,20,84,126,hybrid_phase1_2,100,100,96,0.040000000000000036,0.9999999999999933,False,0.04952859878540039
10,random,Universal,random,5,20,85,127,greedy_phase1,100,100,100,0.0,0.999999999999991,False,0.0009999275207519531
10,random,Universal,random,5,20,85,127,commutation_phase2,100,100,100,0.0,0.999999999999991,False,0.0039975643157958984
10,random,Universal,random,5,20,85,127,hybrid_phase1_2,100,100,100,0.0,0.999999999999991,False,0.05357098579406738
10,random,Universal,random,5,20,86,128,greedy_phase1,100,100,100,0.0,0.9999999999999913,False,0.0020029544830322266
10,random,Universal,random,5,20,86,128,commutation_phase2,100,100,88,0.12,0.9999999999999933,False,0.016900062561035156
10,random,Universal,random,5,20,86,128,hybrid_phase1_2,100,100,88,0.12,0.9999999999999933,False,0.07470273971557617
10,random,Universal,random,5,20,87,129,greedy_phase1,100,100,100,0.0,0.9999999999999903,False,0.00150299072265625
10,random,Universal,random,5,20,87,129,commutation_phase2,100,100,98,0.020000000000000018,0.9999999999999906,False,0.008037090301513672
10,random,Universal,random,5,20,87,129,hybrid_phase1_2,100,100,98,0.020000000000000018,0.9999999999999906,False,0.06569266319274902
10,random,Universal,random,5,20,88,130,greedy_phase1,100,100,100,0.0,0.9999999999999901,False,0.0013079643249511719
10,random,Universal,random,5,20,88,130,commutation_phase2,100,100,94,0.06000000000000005,0.999999999999991,False,0.007425785064697266
10,random,Universal,random,5,20,88,130,hybrid_phase1_2,100,100,94,0.06000000000000005,0.999999999999991,False,0.07520580291748047
10,random,Universal,random,5,20,89,131,greedy_phase1,100,100,100,0.0,0.9999999999999913,False,0.0016448497772216797
10,random,Universal,random,5,20,89,131,commutation_phase2,100,100,98,0.020000000000000018,0.9999999999999918,False,0.0055692195892333984
10,random,Universal,random,5,20,89,131,hybrid_phase1_2,100,100,98,0.020000000000000018,0.9999999999999918,False,0.06432080268859863
10,random,Universal,random,5,20,90,132,greedy_phase1,100,100,100,0.0,0.9999999999999913,False,0.001998424530029297
10,random,Universal,random,5,20,90,132,commutation_phase2,100,100,96,0.040000000000000036,0.9999999999999922,False,0.011832475662231445
10,random,Universal,random,5,20,90,132,hybrid_phase1_2,100,100,96,0.040000000000000036,0.9999999999999922,False,0.06148958206176758
10,random,Universal,random,5,20,91,133,greedy_phase1,100,100,100,0.0,0.9999999999999936,False,0.0010001659393310547
10,random,Universal,random,5,20,91,133,commutation_phase2,100,100,96,0.040000000000000036,0.999999999999994,False,0.008907079696655273
10,random,Universal,random,5,20,91,133,hybrid_phase1_2,100,100,96,0.040000000000000036,0.999999999999994,False,0.06952142715454102
10,random,Universal,random,5,20,92,134,greedy_phase1,100,100,100,0.0,0.9999999999999918,False,0.002055644989013672
10,random,Universal,random,5,20,92,134,commutation_phase2,100,100,96,0.040000000000000036,0.9999999999999922,False,0.011007070541381836
10,random,Universal,random,5,20,92,134,hybrid_phase1_2,100,100,96,0.040000000000000036,0.9999999999999922,False,0.06063246726989746
10,random,Universal,random,5,20,93,135,greedy_phase1,100,100,100,0.0,0.9999999999999927,False,0.0012011528015136719
10,random,Universal,random,5,20,93,135,commutation_phase2,100,100,100,0.0,0.9999999999999927,False,0.0039997100830078125
10,random,Universal,random,5,20,93,135,hybrid_phase1_2,100,100,100,0.0,0.9999999999999927,False,0.05245661735534668
10,random,Universal,random,5,20,94,136,greedy_phase1,100,100,100,0.0,0.999999999999994,False,0.0019998550415039062
10,random,Universal,random,5,20,94,136,commutation_phase2,100,100,98,0.020000000000000018,0.9999999999999944,False,0.004797458648681641
10,random,Universal,random,5,20,94,136,hybrid_phase1_2,100,100,98,0.020000000000000018,0.9999999999999944,False,0.04669785499572754
10,random,Universal,random,5,20,95,137,greedy_phase1,100,100,100,0.0,0.9999999999999916,False,0.0030815601348876953
10,random,Universal,random,5,20,95,137,commutation_phase2,100,100,94,0.06000000000000005,0.9999999999999927,False,0.008393287658691406
10,random,Universal,random,5,20,95,137,hybrid_phase1_2,100,100,94,0.06000000000000005,0.9999999999999927,False,0.05638551712036133
10,random,Universal,random,5,20,96,138,greedy_phase1,100,100,100,0.0,0.9999999999999931,False,0.001046895980834961
10,random,Universal,random,5,20,96,138,commutation_phase2,100,100,98,0.020000000000000018,0.9999999999999936,False,0.010149955749511719
10,random,Universal,random,5,20,96,138,hybrid_phase1_2,100,100,98,0.020000000000000018,0.9999999999999936,False,0.05803370475769043
10,random,Universal,random,5,20,97,139,greedy_phase1,100,100,100,0.0,0.9999999999999936,False,0.0026922225952148438
10,random,Universal,random,5,20,97,139,commutation_phase2,100,100,96,0.040000000000000036,0.9999999999999942,False,0.010267019271850586
10,random,Universal,random,5,20,97,139,hybrid_phase1_2,100,100,96,0.040000000000000036,0.9999999999999942,False,0.058580875396728516
10,random,Universal,random,5,20,98,140,greedy_phase1,100,100,100,0.0,0.9999999999999948,False,0.0
10,random,Universal,random,5,20,98,140,commutation_phase2,100,100,98,0.020000000000000018,0.9999999999999952,False,0.012608766555786133
10,random,Universal,random,5,20,98,140,hybrid_phase1_2,100,100,98,0.020000000000000018,0.9999999999999952,False,0.05496048927307129
10,random,Universal,random,5,20,99,141,greedy_phase1,100,100,100,0.0,0.9999999999999906,False,0.0029973983764648438
10,random,Universal,random,5,20,99,141,commutation_phase2,100,100,96,0.040000000000000036,0.9999999999999908,False,0.006945133209228516
10,random,Universal,random,5,20,99,141,hybrid_phase1_2,100,100,96,0.040000000000000036,0.9999999999999908,False,0.04742550849914551
10,structured,Structured,brickwork,5,20,0,142,greedy_phase1,140,140,140,0.0,1.0,False,0.001506805419921875
10,structured,Structured,brickwork,5,20,0,142,commutation_phase2,140,140,140,0.0,1.0,False,0.006356477737426758
10,structured,Structured,brickwork,5,20,0,142,hybrid_phase1_2,140,140,140,0.0,1.0,False,0.07511258125305176
10,structured,Structured,brickwork,5,20,1,143,greedy_phase1,140,140,140,0.0,0.9999999999999993,False,0.0009999275207519531
10,structured,Structured,brickwork,5,20,1,143,commutation_phase2,140,140,140,0.0,0.9999999999999993,False,0.005989789962768555
10,structured,Structured,brickwork,5,20,1,143,hybrid_phase1_2,140,140,140,0.0,0.9999999999999993,False,0.10107231140136719
10,structured,Structured,brickwork,5,20,2,144,greedy_phase1,140,140,140,0.0,0.9999999999999987,False,0.0035800933837890625
10,structured,Structured,brickwork,5,20,2,144,commutation_phase2,140,140,140,0.0,0.9999999999999987,False,0.007004499435424805
10,structured,Structured,brickwork,5,20,2,144,hybrid_phase1_2,140,140,140,0.0,0.9999999999999987,False,0.10284996032714844
10,structured,Structured,brickwork,5,20,3,145,greedy_phase1,140,140,140,0.0,0.9999999999999993,False,0.0029993057250976562
10,structured,Structured,brickwork,5,20,3,145,commutation_phase2,140,140,140,0.0,0.9999999999999993,False,0.007001161575317383
10,structured,Structured,brickwork,5,20,3,145,hybrid_phase1_2,140,140,140,0.0,0.9999999999999993,False,0.0712285041809082
10,structured,Structured,brickwork,5,20,4,146,greedy_phase1,140,140,140,0.0,0.9999999999999991,False,0.0029990673065185547
10,structured,Structured,brickwork,5,20,4,146,commutation_phase2,140,140,140,0.0,0.9999999999999991,False,0.011513948440551758
10,structured,Structured,brickwork,5,20,4,146,hybrid_phase1_2,140,140,140,0.0,0.9999999999999991,False,0.139817476272583
10,structured,Structured,brickwork,5,20,5,147,greedy_phase1,140,140,140,0.0,1.0,False,0.004086494445800781
10,structured,Structured,brickwork,5,20,5,147,commutation_phase2,140,140,140,0.0,1.0,False,0.01104593276977539
10,structured,Structured,brickwork,5,20,5,147,hybrid_phase1_2,140,140,140,0.0,1.0,False,0.12459135055541992
10,structured,Structured,brickwork,5,20,6,148,greedy_phase1,140,140,140,0.0,0.9999999999999987,False,0.006000041961669922
10,structured,Structured,brickwork,5,20,6,148,commutation_phase2,140,140,140,0.0,0.9999999999999987,False,0.009195327758789062
10,structured,Structured,brickwork,5,20,6,148,hybrid_phase1_2,140,140,140,0.0,0.9999999999999987,False,0.14412260055541992
10,structured,Structured,brickwork,5,20,7,149,greedy_phase1,140,140,140,0.0,1.0000000000000009,False,0.0031447410583496094
10,structured,Structured,brickwork,5,20,7,149,commutation_phase2,140,140,140,0.0,1.0000000000000009,False,0.010663509368896484
10,structured,Structured,brickwork,5,20,7,149,hybrid_phase1_2,140,140,140,0.0,1.0000000000000009,False,0.11595582962036133
10,structured,Structured,brickwork,5,20,8,150,greedy_phase1,140,140,140,0.0,0.9999999999999991,False,0.0035316944122314453
10,structured,Structured,brickwork,5,20,8,150,commutation_phase2,140,140,140,0.0,0.9999999999999991,False,0.010770082473754883
10,structured,Structured,brickwork,5,20,8,150,hybrid_phase1_2,140,140,140,0.0,0.9999999999999991,False,0.12162971496582031
10,structured,Structured,brickwork,5,20,9,151,greedy_phase1,140,140,140,0.0,1.0000000000000004,False,0.0030002593994140625
10,structured,Structured,brickwork,5,20,9,151,commutation_phase2,140,140,140,0.0,1.0000000000000004,False,0.011805295944213867
10,structured,Structured,brickwork,5,20,9,151,hybrid_phase1_2,140,140,140,0.0,1.0000000000000004,False,0.1311345100402832
10,structured,Structured,brickwork,5,20,10,152,greedy_phase1,140,140,140,0.0,1.0000000000000018,False,0.0029997825622558594
10,structured,Structured,brickwork,5,20,10,152,commutation_phase2,140,140,140,0.0,1.0000000000000018,False,0.01153874397277832
10,structured,Structured,brickwork,5,20,10,152,hybrid_phase1_2,140,140,140,0.0,1.0000000000000018,False,0.11205649375915527
10,structured,Structured,brickwork,5,20,11,153,greedy_phase1,140,140,140,0.0,0.9999999999999998,False,0.0031151771545410156
10,structured,Structured,brickwork,5,20,11,153,commutation_phase2,140,140,140,0.0,0.9999999999999998,False,0.008536815643310547
10,structured,Structured,brickwork,5,20,11,153,hybrid_phase1_2,140,140,140,0.0,0.9999999999999998,False,0.11295104026794434
10,structured,Structured,brickwork,5,20,12,154,greedy_phase1,140,140,140,0.0,0.9999999999999957,False,0.003002166748046875
10,structured,Structured,brickwork,5,20,12,154,commutation_phase2,140,140,140,0.0,0.9999999999999957,False,0.005512237548828125
10,structured,Structured,brickwork,5,20,12,154,hybrid_phase1_2,140,140,140,0.0,0.9999999999999957,False,0.10613250732421875
10,structured,Structured,brickwork,5,20,13,155,greedy_phase1,140,140,140,0.0,0.9999999999999982,False,0.004004955291748047
10,structured,Structured,brickwork,5,20,13,155,commutation_phase2,140,140,140,0.0,0.9999999999999982,False,0.011119604110717773
10,structured,Structured,brickwork,5,20,13,155,hybrid_phase1_2,140,140,140,0.0,0.9999999999999982,False,0.11837649345397949
10,structured,Structured,brickwork,5,20,14,156,greedy_phase1,140,140,140,0.0,1.0000000000000004,False,0.003072023391723633
10,structured,Structured,brickwork,5,20,14,156,commutation_phase2,140,140,140,0.0,1.0000000000000004,False,0.0074312686920166016
10,structured,Structured,brickwork,5,20,14,156,hybrid_phase1_2,140,140,140,0.0,1.0000000000000004,False,0.09677481651306152
10,structured,Structured,brickwork,5,20,15,157,greedy_phase1,140,140,140,0.0,1.0,False,0.002003908157348633
10,structured,Structured,brickwork,5,20,15,157,commutation_phase2,140,140,140,0.0,1.0,False,0.011118650436401367
10,structured,Structured,brickwork,5,20,15,157,hybrid_phase1_2,140,140,140,0.0,1.0,False,0.11445331573486328
10,structured,Structured,brickwork,5,20,16,158,greedy_phase1,140,140,140,0.0,0.9999999999999974,False,0.003652811050415039
10,structured,Structured,brickwork,5,20,16,158,commutation_phase2,140,140,140,0.0,0.9999999999999974,False,0.007512331008911133
10,structured,Structured,brickwork,5,20,16,158,hybrid_phase1_2,140,140,140,0.0,0.9999999999999974,False,0.07936859130859375
10,structured,Structured,brickwork,5,20,17,159,greedy_phase1,140,140,140,0.0,1.0,False,0.0030269622802734375
10,structured,Structured,brickwork,5,20,17,159,commutation_phase2,140,140,140,0.0,1.0,False,0.008723974227905273
10,structured,Structured,brickwork,5,20,17,159,hybrid_phase1_2,140,140,140,0.0,1.0,False,0.07841277122497559
10,structured,Structured,brickwork,5,20,18,160,greedy_phase1,140,140,140,0.0,1.0,False,0.001982450485229492
10,structured,Structured,brickwork,5,20,18,160,commutation_phase2,140,140,140,0.0,1.0,False,0.004979610443115234
10,structured,Structured,brickwork,5,20,18,160,hybrid_phase1_2,140,140,140,0.0,1.0,False,0.0734720230102539
10,structured,Structured,brickwork,5,20,19,161,greedy_phase1,140,140,140,0.0,0.9999999999999966,False,0.0032279491424560547
10,structured,Structured,brickwork,5,20,19,161,commutation_phase2,140,140,140,0.0,0.9999999999999966,False,0.01101231575012207
10,structured,Structured,brickwork,5,20,19,161,hybrid_phase1_2,140,140,140,0.0,0.9999999999999966,False,0.07248473167419434
10,structured,Structured,brickwork,5,20,20,162,greedy_phase1,140,140,140,0.0,1.0000000000000009,False,0.0010154247283935547
10,structured,Structured,brickwork,5,20,20,162,commutation_phase2,140,140,140,0.0,1.0000000000000009,False,0.010801076889038086
10,structured,Structured,brickwork,5,20,20,162,hybrid_phase1_2,140,140,140,0.0,1.0000000000000009,False,0.07148480415344238
10,structured,Structured,brickwork,5,20,21,163,greedy_phase1,140,140,140,0.0,1.0,False,0.001850128173828125
10,structured,Structured,brickwork,5,20,21,163,commutation_phase2,140,140,140,0.0,1.0,False,0.004999637603759766
10,structured,Structured,brickwork,5,20,21,163,hybrid_phase1_2,140,140,140,0.0,1.0,False,0.06918954849243164
10,structured,Structured,brickwork,5,20,22,164,greedy_phase1,140,140,140,0.0,0.9999999999999987,False,0.004439353942871094
10,structured,Structured,brickwork,5,20,22,164,commutation_phase2,140,140,140,0.0,0.9999999999999987,False,0.008912801742553711
10,structured,Structured,brickwork,5,20,22,164,hybrid_phase1_2,140,140,140,0.0,0.9999999999999987,False,0.0703732967376709
10,structured,Structured,brickwork,5,20,23,165,greedy_phase1,140,140,140,0.0,0.9999999999999991,False,0.003002643585205078
10,structured,Structured,brickwork,5,20,23,165,commutation_phase2,140,140,140,0.0,0.9999999999999991,False,0.004606962203979492
10,structured,Structured,brickwork,5,20,23,165,hybrid_phase1_2,140,140,140,0.0,0.9999999999999991,False,0.06487250328063965
10,structured,Structured,brickwork,5,20,24,166,greedy_phase1,140,140,140,0.0,1.0000000000000018,False,0.000993490219116211
10,structured,Structured,brickwork,5,20,24,166,commutation_phase2,140,140,140,0.0,1.0000000000000018,False,0.005997657775878906
10,structured,Structured,brickwork,5,20,24,166,hybrid_phase1_2,140,140,140,0.0,1.0000000000000018,False,0.06387090682983398
10,structured,Structured,brickwork,5,20,25,167,greedy_phase1,140,140,140,0.0,0.9999999999999989,False,0.0009989738464355469
10,structured,Structured,brickwork,5,20,25,167,commutation_phase2,140,140,140,0.0,0.9999999999999989,False,0.0049991607666015625
10,structured,Structured,brickwork,5,20,25,167,hybrid_phase1_2,140,140,140,0.0,0.9999999999999989,False,0.060600996017456055
10,structured,Structured,brickwork,5,20,26,168,greedy_phase1,140,140,140,0.0,1.0000000000000009,False,0.0020399093627929688
10,structured,Structured,brickwork,5,20,26,168,commutation_phase2,140,140,140,0.0,1.0000000000000009,False,0.008419275283813477
10,structured,Structured,brickwork,5,20,26,168,hybrid_phase1_2,140,140,140,0.0,1.0000000000000009,False,0.06256771087646484
10,structured,Structured,brickwork,5,20,27,169,greedy_phase1,140,140,140,0.0,1.0000000000000004,False,0.00179290771484375
10,structured,Structured,brickwork,5,20,27,169,commutation_phase2,140,140,140,0.0,1.0000000000000004,False,0.005007505416870117
10,structured,Structured,brickwork,5,20,27,169,hybrid_phase1_2,140,140,140,0.0,1.0000000000000004,False,0.06200885772705078
10,structured,Structured,brickwork,5,20,28,170,greedy_phase1,140,140,140,0.0,0.9999999999999982,False,0.0010101795196533203
10,structured,Structured,brickwork,5,20,28,170,commutation_phase2,140,140,140,0.0,0.9999999999999982,False,0.005171298980712891
10,structured,Structured,brickwork,5,20,28,170,hybrid_phase1_2,140,140,140,0.0,0.9999999999999982,False,0.05826163291931152
10,structured,Structured,brickwork,5,20,29,171,greedy_phase1,140,140,140,0.0,1.0000000000000009,False,0.0009996891021728516
10,structured,Structured,brickwork,5,20,29,171,commutation_phase2,140,140,140,0.0,1.0000000000000009,False,0.004991292953491211
10,structured,Structured,brickwork,5,20,29,171,hybrid_phase1_2,140,140,140,0.0,1.0000000000000009,False,0.05854439735412598
10,structured,Structured,brickwork,5,20,30,172,greedy_phase1,140,140,140,0.0,0.9999999999999991,False,0.0011019706726074219
10,structured,Structured,brickwork,5,20,30,172,commutation_phase2,140,140,140,0.0,0.9999999999999991,False,0.004999637603759766
10,structured,Structured,brickwork,5,20,30,172,hybrid_phase1_2,140,140,140,0.0,0.9999999999999991,False,1.0923664569854736
10,structured,Structured,brickwork,5,20,31,173,greedy_phase1,140,140,140,0.0,0.9999999999999987,False,0.003674030303955078
10,structured,Structured,brickwork,5,20,31,173,commutation_phase2,140,140,140,0.0,0.9999999999999987,False,0.013491630554199219
10,structured,Structured,brickwork,5,20,31,173,hybrid_phase1_2,140,140,140,0.0,0.9999999999999987,False,0.2941775321960449
10,structured,Structured,brickwork,5,20,32,174,greedy_phase1,140,140,140,0.0,1.0000000000000009,False,0.004004716873168945
10,structured,Structured,brickwork,5,20,32,174,commutation_phase2,140,140,140,0.0,1.0000000000000009,False,0.01100611686706543
10,structured,Structured,brickwork,5,20,32,174,hybrid_phase1_2,140,140,140,0.0,1.0000000000000009,False,0.16440606117248535
10,structured,Structured,brickwork,5,20,33,175,greedy_phase1,140,140,140,0.0,0.9999999999999981,False,0.003999233245849609
10,structured,Structured,brickwork,5,20,33,175,commutation_phase2,140,140,140,0.0,0.9999999999999981,False,0.011511802673339844
10,structured,Structured,brickwork,5,20,33,175,hybrid_phase1_2,140,140,140,0.0,0.9999999999999981,False,0.13102030754089355
10,structured,Structured,brickwork,5,20,34,176,greedy_phase1,140,140,140,0.0,0.9999999999999998,False,0.0030007362365722656
10,structured,Structured,brickwork,5,20,34,176,commutation_phase2,140,140,140,0.0,0.9999999999999998,False,0.011000633239746094
10,structured,Structured,brickwork,5,20,34,176,hybrid_phase1_2,140,140,140,0.0,0.9999999999999998,False,0.141143798828125
10,structured,Structured,brickwork,5,20,35,177,greedy_phase1,140,140,140,0.0,0.9999999999999987,False,0.0029997825622558594
10,structured,Structured,brickwork,5,20,35,177,commutation_phase2,140,140,140,0.0,0.9999999999999987,False,0.010998964309692383
10,structured,Structured,brickwork,5,20,35,177,hybrid_phase1_2,140,140,140,0.0,0.9999999999999987,False,0.1356644630432129
10,structured,Structured,brickwork,5,20,36,178,greedy_phase1,140,140,140,0.0,1.0000000000000004,False,0.0040073394775390625
10,structured,Structured,brickwork,5,20,36,178,commutation_phase2,140,140,140,0.0,1.0000000000000004,False,0.012996912002563477
10,structured,Structured,brickwork,5,20,36,178,hybrid_phase1_2,140,140,140,0.0,1.0000000000000004,False,0.20604372024536133
10,structured,Structured,brickwork,5,20,37,179,greedy_phase1,140,140,140,0.0,1.0,False,0.002986431121826172
10,structured,Structured,brickwork,5,20,37,179,commutation_phase2,140,140,140,0.0,1.0,False,0.012428045272827148
10,structured,Structured,brickwork,5,20,37,179,hybrid_phase1_2,140,140,140,0.0,1.0,False,0.14578890800476074
10,structured,Structured,brickwork,5,20,38,180,greedy_phase1,140,140,140,0.0,0.9999999999999982,False,0.003152608871459961
10,structured,Structured,brickwork,5,20,38,180,commutation_phase2,140,140,140,0.0,0.9999999999999982,False,0.010334014892578125
10,structured,Structured,brickwork,5,20,38,180,hybrid_phase1_2,140,140,140,0.0,0.9999999999999982,False,0.12067890167236328
10,structured,Structured,brickwork,5,20,39,181,greedy_phase1,140,140,140,0.0,1.0,False,0.0020020008087158203
10,structured,Structured,brickwork,5,20,39,181,commutation_phase2,140,140,140,0.0,1.0,False,0.011368513107299805
10,structured,Structured,brickwork,5,20,39,181,hybrid_phase1_2,140,140,140,0.0,1.0,False,0.1058206558227539
10,structured,Structured,brickwork,5,20,40,182,greedy_phase1,140,140,140,0.0,1.0000000000000009,False,0.004067182540893555
10,structured,Structured,brickwork,5,20,40,182,commutation_phase2,140,140,140,0.0,1.0000000000000009,False,0.011237382888793945
10,structured,Structured,brickwork,5,20,40,182,hybrid_phase1_2,140,140,140,0.0,1.0000000000000009,False,0.09002089500427246
10,structured,Structured,brickwork,5,20,41,183,greedy_phase1,140,140,140,0.0,0.9999999999999984,False,0.0030083656311035156
10,structured,Structured,brickwork,5,20,41,183,commutation_phase2,140,140,140,0.0,0.9999999999999984,False,0.010984182357788086
10,structured,Structured,brickwork,5,20,41,183,hybrid_phase1_2,140,140,140,0.0,0.9999999999999984,False,0.11273384094238281
10,structured,Structured,brickwork,5,20,42,184,greedy_phase1,140,140,140,0.0,0.9999999999999991,False,0.001522064208984375
10,structured,Structured,brickwork,5,20,42,184,commutation_phase2,140,140,140,0.0,0.9999999999999991,False,0.012514352798461914
10,structured,Structured,brickwork,5,20,42,184,hybrid_phase1_2,140,140,140,0.0,0.9999999999999991,False,0.12584996223449707
10,structured,Structured,brickwork,5,20,43,185,greedy_phase1,140,140,140,0.0,0.9999999999999979,False,0.003000974655151367
10,structured,Structured,brickwork,5,20,43,185,commutation_phase2,140,140,140,0.0,0.9999999999999979,False,0.011815786361694336
10,structured,Structured,brickwork,5,20,43,185,hybrid_phase1_2,140,140,140,0.0,0.9999999999999979,False,0.14206361770629883
10,structured,Structured,brickwork,5,20,44,186,greedy_phase1,140,140,140,0.0,1.0000000000000027,False,0.003000974655151367
10,structured,Structured,brickwork,5,20,44,186,commutation_phase2,140,140,140,0.0,1.0000000000000027,False,0.01203155517578125
10,structured,Structured,brickwork,5,20,44,186,hybrid_phase1_2,140,140,140,0.0,1.0000000000000027,False,0.12842965126037598
10,structured,Structured,brickwork,5,20,45,187,greedy_phase1,140,140,140,0.0,1.0,False,0.003007173538208008
10,structured,Structured,brickwork,5,20,45,187,commutation_phase2,140,140,140,0.0,1.0,False,0.012999296188354492
10,structured,Structured,brickwork,5,20,45,187,hybrid_phase1_2,140,140,140,0.0,1.0,False,0.1306307315826416
10,structured,Structured,brickwork,5,20,46,188,greedy_phase1,140,140,140,0.0,1.0000000000000009,False,0.0040013790130615234
10,structured,Structured,brickwork,5,20,46,188,commutation_phase2,140,140,140,0.0,1.0000000000000009,False,0.011998653411865234
10,structured,Structured,brickwork,5,20,46,188,hybrid_phase1_2,140,140,140,0.0,1.0000000000000009,False,0.12623143196105957
10,structured,Structured,brickwork,5,20,47,189,greedy_phase1,140,140,140,0.0,1.0000000000000004,False,0.003930568695068359
10,structured,Structured,brickwork,5,20,47,189,commutation_phase2,140,140,140,0.0,1.0000000000000004,False,0.011006593704223633
10,structured,Structured,brickwork,5,20,47,189,hybrid_phase1_2,140,140,140,0.0,1.0000000000000004,False,0.13353347778320312
10,structured,Structured,brickwork,5,20,48,190,greedy_phase1,140,140,140,0.0,1.0000000000000027,False,0.0030035972595214844
10,structured,Structured,brickwork,5,20,48,190,commutation_phase2,140,140,140,0.0,1.0000000000000027,False,0.01100301742553711
10,structured,Structured,brickwork,5,20,48,190,hybrid_phase1_2,140,140,140,0.0,1.0000000000000027,False,0.14031696319580078
10,structured,Structured,brickwork,5,20,49,191,greedy_phase1,140,140,140,0.0,1.0000000000000009,False,0.004006624221801758
10,structured,Structured,brickwork,5,20,49,191,commutation_phase2,140,140,140,0.0,1.0000000000000009,False,0.016139745712280273
10,structured,Structured,brickwork,5,20,49,191,hybrid_phase1_2,140,140,140,0.0,1.0000000000000009,False,0.12847208976745605
10,structured,Structured,brickwork,5,20,50,192,greedy_phase1,140,140,140,0.0,0.9999999999999991,False,0.003999471664428711
10,structured,Structured,brickwork,5,20,50,192,commutation_phase2,140,140,140,0.0,0.9999999999999991,False,0.01199960708618164
10,structured,Structured,brickwork,5,20,50,192,hybrid_phase1_2,140,140,140,0.0,0.9999999999999991,False,0.13315653800964355
10,structured,Structured,brickwork,5,20,51,193,greedy_phase1,140,140,140,0.0,0.9999999999999996,False,0.003999948501586914
10,structured,Structured,brickwork,5,20,51,193,commutation_phase2,140,140,140,0.0,0.9999999999999996,False,0.014131784439086914
10,structured,Structured,brickwork,5,20,51,193,hybrid_phase1_2,140,140,140,0.0,0.9999999999999996,False,0.1347031593322754
10,structured,Structured,brickwork,5,20,52,194,greedy_phase1,140,140,140,0.0,1.0000000000000009,False,0.0036818981170654297
10,structured,Structured,brickwork,5,20,52,194,commutation_phase2,140,140,140,0.0,1.0000000000000009,False,0.011464595794677734
10,structured,Structured,brickwork,5,20,52,194,hybrid_phase1_2,140,140,140,0.0,1.0000000000000009,False,0.18400955200195312
10,structured,Structured,brickwork,5,20,53,195,greedy_phase1,140,140,140,0.0,1.0000000000000018,False,0.003997325897216797
10,structured,Structured,brickwork,5,20,53,195,commutation_phase2,140,140,140,0.0,1.0000000000000018,False,0.011616230010986328
10,structured,Structured,brickwork,5,20,53,195,hybrid_phase1_2,140,140,140,0.0,1.0000000000000018,False,0.13570642471313477
10,structured,Structured,brickwork,5,20,54,196,greedy_phase1,140,140,140,0.0,0.9999999999999996,False,0.0029997825622558594
10,structured,Structured,brickwork,5,20,54,196,commutation_phase2,140,140,140,0.0,0.9999999999999996,False,0.011820316314697266
10,structured,Structured,brickwork,5,20,54,196,hybrid_phase1_2,140,140,140,0.0,0.9999999999999996,False,0.13985109329223633
10,structured,Structured,brickwork,5,20,55,197,greedy_phase1,140,140,140,0.0,0.9999999999999987,False,0.0029997825622558594
10,structured,Structured,brickwork,5,20,55,197,commutation_phase2,140,140,140,0.0,0.9999999999999987,False,0.012009143829345703
10,structured,Structured,brickwork,5,20,55,197,hybrid_phase1_2,140,140,140,0.0,0.9999999999999987,False,0.1352238655090332
10,structured,Structured,brickwork,5,20,56,198,greedy_phase1,140,140,140,0.0,1.0000000000000009,False,0.0030012130737304688
10,structured,Structured,brickwork,5,20,56,198,commutation_phase2,140,140,140,0.0,1.0000000000000009,False,0.012000083923339844
10,structured,Structured,brickwork,5,20,56,198,hybrid_phase1_2,140,140,140,0.0,1.0000000000000009,False,0.13534808158874512
10,structured,Structured,brickwork,5,20,57,199,greedy_phase1,140,140,140,0.0,1.0,False,0.002999544143676758
10,structured,Structured,brickwork,5,20,57,199,commutation_phase2,140,140,140,0.0,1.0,False,0.011000633239746094
10,structured,Structured,brickwork,5,20,57,199,hybrid_phase1_2,140,140,140,0.0,1.0,False,0.14133691787719727
10,structured,Structured,brickwork,5,20,58,200,greedy_phase1,140,140,140,0.0,0.9999999999999982,False,0.003511667251586914
10,structured,Structured,brickwork,5,20,58,200,commutation_phase2,140,140,140,0.0,0.9999999999999982,False,0.01107335090637207
10,structured,Structured,brickwork,5,20,58,200,hybrid_phase1_2,140,140,140,0.0,0.9999999999999982,False,0.17071151733398438
10,structured,Structured,brickwork,5,20,59,201,greedy_phase1,140,140,140,0.0,1.0000000000000009,False,0.003979206085205078
10,structured,Structured,brickwork,5,20,59,201,commutation_phase2,140,140,140,0.0,1.0000000000000009,False,0.011000394821166992
10,structured,Structured,brickwork,5,20,59,201,hybrid_phase1_2,140,140,140,0.0,1.0000000000000009,False,0.13785123825073242
10,structured,Structured,brickwork,5,20,60,202,greedy_phase1,140,140,140,0.0,0.9999999999999989,False,0.0030007362365722656
10,structured,Structured,brickwork,5,20,60,202,commutation_phase2,140,140,140,0.0,0.9999999999999989,False,0.01299905776977539
10,structured,Structured,brickwork,5,20,60,202,hybrid_phase1_2,140,140,140,0.0,0.9999999999999989,False,0.13698315620422363
10,structured,Structured,brickwork,5,20,61,203,greedy_phase1,140,140,140,0.0,1.0,False,0.0030548572540283203
10,structured,Structured,brickwork,5,20,61,203,commutation_phase2,140,140,140,0.0,1.0,False,0.012001991271972656
10,structured,Structured,brickwork,5,20,61,203,hybrid_phase1_2,140,140,140,0.0,1.0,False,0.13196897506713867
10,structured,Structured,brickwork,5,20,62,204,greedy_phase1,140,140,140,0.0,1.0000000000000004,False,0.003999948501586914
10,structured,Structured,brickwork,5,20,62,204,commutation_phase2,140,140,140,0.0,1.0000000000000004,False,0.011337757110595703
10,structured,Structured,brickwork,5,20,62,204,hybrid_phase1_2,140,140,140,0.0,1.0000000000000004,False,0.1330118179321289
10,structured,Structured,brickwork,5,20,63,205,greedy_phase1,140,140,140,0.0,0.9999999999999991,False,0.0029993057250976562
10,structured,Structured,brickwork,5,20,63,205,commutation_phase2,140,140,140,0.0,0.9999999999999991,False,0.010997772216796875
10,structured,Structured,brickwork,5,20,63,205,hybrid_phase1_2,140,140,140,0.0,0.9999999999999991,False,0.13431000709533691
10,structured,Structured,brickwork,5,20,64,206,greedy_phase1,140,140,140,0.0,1.0000000000000013,False,0.004006624221801758
10,structured,Structured,brickwork,5,20,64,206,commutation_phase2,140,140,140,0.0,1.0000000000000013,False,0.011409759521484375
10,structured,Structured,brickwork,5,20,64,206,hybrid_phase1_2,140,140,140,0.0,1.0000000000000013,False,0.12588143348693848
10,structured,Structured,brickwork,5,20,65,207,greedy_phase1,140,140,140,0.0,0.9999999999999991,False,0.00400543212890625
10,structured,Structured,brickwork,5,20,65,207,commutation_phase2,140,140,140,0.0,0.9999999999999991,False,0.011003494262695312
10,structured,Structured,brickwork,5,20,65,207,hybrid_phase1_2,140,140,140,0.0,0.9999999999999991,False,0.13984084129333496
10,structured,Structured,brickwork,5,20,66,208,greedy_phase1,140,140,140,0.0,1.0,False,0.004000663757324219
10,structured,Structured,brickwork,5,20,66,208,commutation_phase2,140,140,140,0.0,1.0,False,0.011295080184936523
10,structured,Structured,brickwork,5,20,66,208,hybrid_phase1_2,140,140,140,0.0,1.0,False,0.1255354881286621
10,structured,Structured,brickwork,5,20,67,209,greedy_phase1,140,140,140,0.0,0.9999999999999991,False,0.0032873153686523438
10,structured,Structured,brickwork,5,20,67,209,commutation_phase2,140,140,140,0.0,0.9999999999999991,False,0.010495424270629883
10,structured,Structured,brickwork,5,20,67,209,hybrid_phase1_2,140,140,140,0.0,0.9999999999999991,False,0.11402153968811035
10,structured,Structured,brickwork,5,20,68,210,greedy_phase1,140,140,140,0.0,1.0000000000000036,False,0.0030007362365722656
10,structured,Structured,brickwork,5,20,68,210,commutation_phase2,140,140,140,0.0,1.0000000000000036,False,0.005857706069946289
10,structured,Structured,brickwork,5,20,68,210,hybrid_phase1_2,140,140,140,0.0,1.0000000000000036,False,0.11212825775146484
10,structured,Structured,brickwork,5,20,69,211,greedy_phase1,140,140,140,0.0,0.9999999999999996,False,0.003999471664428711
10,structured,Structured,brickwork,5,20,69,211,commutation_phase2,140,140,140,0.0,0.9999999999999996,False,0.010502338409423828
10,structured,Structured,brickwork,5,20,69,211,hybrid_phase1_2,140,140,140,0.0,0.9999999999999996,False,0.11664891242980957
10,structured,Structured,brickwork,5,20,70,212,greedy_phase1,140,140,140,0.0,0.9999999999999998,False,0.0029611587524414062
10,structured,Structured,brickwork,5,20,70,212,commutation_phase2,140,140,140,0.0,0.9999999999999998,False,0.009252309799194336
10,structured,Structured,brickwork,5,20,70,212,hybrid_phase1_2,140,140,140,0.0,0.9999999999999998,False,0.12192344665527344
10,structured,Structured,brickwork,5,20,71,213,greedy_phase1,140,140,140,0.0,0.9999999999999996,False,0.003004789352416992
10,structured,Structured,brickwork,5,20,71,213,commutation_phase2,140,140,140,0.0,0.9999999999999996,False,0.01623988151550293
10,structured,Structured,brickwork,5,20,71,213,hybrid_phase1_2,140,140,140,0.0,0.9999999999999996,False,0.4195072650909424
10,structured,Structured,brickwork,5,20,72,214,greedy_phase1,140,140,140,0.0,0.9999999999999993,False,0.0030765533447265625
10,structured,Structured,brickwork,5,20,72,214,commutation_phase2,140,140,140,0.0,0.9999999999999993,False,0.011005640029907227
10,structured,Structured,brickwork,5,20,72,214,hybrid_phase1_2,140,140,140,0.0,0.9999999999999993,False,0.14768075942993164
10,structured,Structured,brickwork,5,20,73,215,greedy_phase1,140,140,140,0.0,0.9999999999999991,False,0.003510713577270508
10,structured,Structured,brickwork,5,20,73,215,commutation_phase2,140,140,140,0.0,0.9999999999999991,False,0.011111736297607422
10,structured,Structured,brickwork,5,20,73,215,hybrid_phase1_2,140,140,140,0.0,0.9999999999999991,False,0.2173929214477539
10,structured,Structured,brickwork,5,20,74,216,greedy_phase1,140,140,140,0.0,1.0000000000000009,False,0.004000663757324219
10,structured,Structured,brickwork,5,20,74,216,commutation_phase2,140,140,140,0.0,1.0000000000000009,False,0.008001327514648438
10,structured,Structured,brickwork,5,20,74,216,hybrid_phase1_2,140,140,140,0.0,1.0000000000000009,False,0.3298604488372803
10,structured,Structured,brickwork,5,20,75,217,greedy_phase1,140,140,140,0.0,0.999999999999997,False,0.004000186920166016
10,structured,Structured,brickwork,5,20,75,217,commutation_phase2,140,140,140,0.0,0.999999999999997,False,0.012184858322143555
10,structured,Structured,brickwork,5,20,75,217,hybrid_phase1_2,140,140,140,0.0,0.999999999999997,False,0.2551741600036621
10,structured,Structured,brickwork,5,20,76,218,greedy_phase1,140,140,140,0.0,1.0000000000000009,False,0.003999471664428711
10,structured,Structured,brickwork,5,20,76,218,commutation_phase2,140,140,140,0.0,1.0000000000000009,False,0.01677250862121582
10,structured,Structured,brickwork,5,20,76,218,hybrid_phase1_2,140,140,140,0.0,1.0000000000000009,False,0.14835858345031738
10,structured,Structured,brickwork,5,20,77,219,greedy_phase1,140,140,140,0.0,0.9999999999999998,False,0.0063629150390625
10,structured,Structured,brickwork,5,20,77,219,commutation_phase2,140,140,140,0.0,0.9999999999999998,False,0.012332916259765625
10,structured,Structured,brickwork,5,20,77,219,hybrid_phase1_2,140,140,140,0.0,0.9999999999999998,False,0.18746566772460938
10,structured,Structured,brickwork,5,20,78,220,greedy_phase1,140,140,140,0.0,1.0000000000000009,False,0.003997325897216797
10,structured,Structured,brickwork,5,20,78,220,commutation_phase2,140,140,140,0.0,1.0000000000000009,False,0.011237382888793945
10,structured,Structured,brickwork,5,20,78,220,hybrid_phase1_2,140,140,140,0.0,1.0000000000000009,False,0.13561129570007324
10,structured,Structured,brickwork,5,20,79,221,greedy_phase1,140,140,140,0.0,0.9999999999999984,False,0.003000497817993164
10,structured,Structured,brickwork,5,20,79,221,commutation_phase2,140,140,140,0.0,0.9999999999999984,False,0.013164281845092773
10,structured,Structured,brickwork,5,20,79,221,hybrid_phase1_2,140,140,140,0.0,0.9999999999999984,False,0.13573050498962402
10,structured,Structured,brickwork,5,20,80,222,greedy_phase1,140,140,140,0.0,1.0000000000000009,False,0.00774836540222168
10,structured,Structured,brickwork,5,20,80,222,commutation_phase2,140,140,140,0.0,1.0000000000000009,False,0.013796567916870117
10,structured,Structured,brickwork,5,20,80,222,hybrid_phase1_2,140,140,140,0.0,1.0000000000000009,False,0.1352543830871582
10,structured,Structured,brickwork,5,20,81,223,greedy_phase1,140,140,140,0.0,0.9999999999999987,False,0.004511594772338867
10,structured,Structured,brickwork,5,20,81,223,commutation_phase2,140,140,140,0.0,0.9999999999999987,False,0.011000633239746094
10,structured,Structured,brickwork,5,20,81,223,hybrid_phase1_2,140,140,140,0.0,0.9999999999999987,False,0.14710712432861328
10,structured,Structured,brickwork,5,20,82,224,greedy_phase1,140,140,140,0.0,0.9999999999999979,False,0.004000663757324219
10,structured,Structured,brickwork,5,20,82,224,commutation_phase2,140,140,140,0.0,0.9999999999999979,False,0.012000560760498047
10,structured,Structured,brickwork,5,20,82,224,hybrid_phase1_2,140,140,140,0.0,0.9999999999999979,False,0.13851380348205566
10,structured,Structured,brickwork,5,20,83,225,greedy_phase1,140,140,140,0.0,0.9999999999999989,False,0.003052234649658203
10,structured,Structured,brickwork,5,20,83,225,commutation_phase2,140,140,140,0.0,0.9999999999999989,False,0.013009786605834961
10,structured,Structured,brickwork,5,20,83,225,hybrid_phase1_2,140,140,140,0.0,0.9999999999999989,False,0.1413710117340088
10,structured,Structured,brickwork,5,20,84,226,greedy_phase1,140,140,140,0.0,0.9999999999999993,False,0.00400090217590332
10,structured,Structured,brickwork,5,20,84,226,commutation_phase2,140,140,140,0.0,0.9999999999999993,False,0.014000892639160156
10,structured,Structured,brickwork,5,20,84,226,hybrid_phase1_2,140,140,140,0.0,0.9999999999999993,False,0.15131473541259766
10,structured,Structured,brickwork,5,20,85,227,greedy_phase1,140,140,140,0.0,0.999999999999997,False,0.005008220672607422
10,structured,Structured,brickwork,5,20,85,227,commutation_phase2,140,140,140,0.0,0.999999999999997,False,0.010998010635375977
10,structured,Structured,brickwork,5,20,85,227,hybrid_phase1_2,140,140,140,0.0,0.999999999999997,False,0.14261937141418457
10,structured,Structured,brickwork,5,20,86,228,greedy_phase1,140,140,140,0.0,1.0000000000000018,False,0.003998279571533203
10,structured,Structured,brickwork,5,20,86,228,commutation_phase2,140,140,140,0.0,1.0000000000000018,False,0.010998964309692383
10,structured,Structured,brickwork,5,20,86,228,hybrid_phase1_2,140,140,140,0.0,1.0000000000000018,False,0.15445446968078613
10,structured,Structured,brickwork,5,20,87,229,greedy_phase1,140,140,140,0.0,1.0,False,0.004940509796142578
10,structured,Structured,brickwork,5,20,87,229,commutation_phase2,140,140,140,0.0,1.0,False,0.012519598007202148
10,structured,Structured,brickwork,5,20,87,229,hybrid_phase1_2,140,140,140,0.0,1.0,False,0.17129826545715332
10,structured,Structured,brickwork,5,20,88,230,greedy_phase1,140,140,140,0.0,0.9999999999999993,False,0.0038747787475585938
10,structured,Structured,brickwork,5,20,88,230,commutation_phase2,140,140,140,0.0,0.9999999999999993,False,0.012209177017211914
10,structured,Structured,brickwork,5,20,88,230,hybrid_phase1_2,140,140,140,0.0,0.9999999999999993,False,0.1519320011138916
10,structured,Structured,brickwork,5,20,89,231,greedy_phase1,140,140,140,0.0,0.9999999999999987,False,0.004000425338745117
10,structured,Structured,brickwork,5,20,89,231,commutation_phase2,140,140,140,0.0,0.9999999999999987,False,0.011876344680786133
10,structured,Structured,brickwork,5,20,89,231,hybrid_phase1_2,140,140,140,0.0,0.9999999999999987,False,0.14258623123168945
10,structured,Structured,brickwork,5,20,90,232,greedy_phase1,140,140,140,0.0,1.0,False,0.004843950271606445
10,structured,Structured,brickwork,5,20,90,232,commutation_phase2,140,140,140,0.0,1.0,False,0.012246370315551758
10,structured,Structured,brickwork,5,20,90,232,hybrid_phase1_2,140,140,140,0.0,1.0,False,0.14869070053100586
10,structured,Structured,brickwork,5,20,91,233,greedy_phase1,140,140,140,0.0,0.9999999999999987,False,0.0033271312713623047
10,structured,Structured,brickwork,5,20,91,233,commutation_phase2,140,140,140,0.0,0.9999999999999987,False,0.01100778579711914
10,structured,Structured,brickwork,5,20,91,233,hybrid_phase1_2,140,140,140,0.0,0.9999999999999987,False,0.11251163482666016
10,structured,Structured,brickwork,5,20,92,234,greedy_phase1,140,140,140,0.0,0.9999999999999987,False,0.0029990673065185547
10,structured,Structured,brickwork,5,20,92,234,commutation_phase2,140,140,140,0.0,0.9999999999999987,False,0.008604288101196289
10,structured,Structured,brickwork,5,20,92,234,hybrid_phase1_2,140,140,140,0.0,0.9999999999999987,False,0.10426712036132812
10,structured,Structured,brickwork,5,20,93,235,greedy_phase1,140,140,140,0.0,1.0000000000000004,False,0.0020110607147216797
10,structured,Structured,brickwork,5,20,93,235,commutation_phase2,140,140,140,0.0,1.0000000000000004,False,0.008541345596313477
10,structured,Structured,brickwork,5,20,93,235,hybrid_phase1_2,140,140,140,0.0,1.0000000000000004,False,0.1121070384979248
10,structured,Structured,brickwork,5,20,94,236,greedy_phase1,140,140,140,0.0,0.9999999999999996,False,0.002999544143676758
10,structured,Structured,brickwork,5,20,94,236,commutation_phase2,140,140,140,0.0,0.9999999999999996,False,0.009998321533203125
10,structured,Structured,brickwork,5,20,94,236,hybrid_phase1_2,140,140,140,0.0,0.9999999999999996,False,0.12055587768554688
10,structured,Structured,brickwork,5,20,95,237,greedy_phase1,140,140,140,0.0,1.0000000000000018,False,0.002000570297241211
10,structured,Structured,brickwork,5,20,95,237,commutation_phase2,140,140,140,0.0,1.0000000000000018,False,0.008925199508666992
10,structured,Structured,brickwork,5,20,95,237,hybrid_phase1_2,140,140,140,0.0,1.0000000000000018,False,0.10527348518371582
10,structured,Structured,brickwork,5,20,96,238,greedy_phase1,140,140,140,0.0,0.9999999999999979,False,0.005091667175292969
10,structured,Structured,brickwork,5,20,96,238,commutation_phase2,140,140,140,0.0,0.9999999999999979,False,0.012016773223876953
10,structured,Structured,brickwork,5,20,96,238,hybrid_phase1_2,140,140,140,0.0,0.9999999999999979,False,0.16696786880493164
10,structured,Structured,brickwork,5,20,97,239,greedy_phase1,140,140,140,0.0,0.9999999999999982,False,0.014568805694580078
10,structured,Structured,brickwork,5,20,97,239,commutation_phase2,140,140,140,0.0,0.9999999999999982,False,0.013602495193481445
10,structured,Structured,brickwork,5,20,97,239,hybrid_phase1_2,140,140,140,0.0,0.9999999999999982,False,0.1611185073852539
10,structured,Structured,brickwork,5,20,98,240,greedy_phase1,140,140,140,0.0,1.0000000000000009,False,0.0035698413848876953
10,structured,Structured,brickwork,5,20,98,240,commutation_phase2,140,140,140,0.0,1.0000000000000009,False,0.011008024215698242
10,structured,Structured,brickwork,5,20,98,240,hybrid_phase1_2,140,140,140,0.0,1.0000000000000009,False,0.1426708698272705
10,structured,Structured,brickwork,5,20,99,241,greedy_phase1,140,140,140,0.0,0.9999999999999977,False,0.0039997100830078125
10,structured,Structured,brickwork,5,20,99,241,commutation_phase2,140,140,140,0.0,0.9999999999999977,False,0.014185190200805664
10,structured,Structured,brickwork,5,20,99,241,hybrid_phase1_2,140,140,140,0.0,0.9999999999999977,False,0.15436625480651855
10,real,QFT,QFT,3,5,0,0,greedy_phase1,6,6,6,0.0,0.9999999999999992,False,0.0003154277801513672
10,real,QFT,QFT,3,5,0,0,commutation_phase2,6,6,6,0.0,0.9999999999999992,False,0.013834238052368164
10,real,QFT,QFT,3,5,0,0,hybrid_phase1_2,6,6,6,0.0,0.9999999999999992,False,0.007999420166015625
10,real,QFT,QFT,4,7,0,0,greedy_phase1,10,10,10,0.0,0.9999999999999988,False,0.009653329849243164
10,real,QFT,QFT,4,7,0,0,commutation_phase2,10,10,10,0.0,0.9999999999999988,False,0.001538991928100586
10,real,QFT,QFT,4,7,0,0,hybrid_phase1_2,10,10,10,0.0,0.9999999999999988,False,0.01737833023071289
10,real,QFT,QFT,5,9,0,0,greedy_phase1,15,15,15,0.0,0.9999999999999987,False,0.0019981861114501953
10,real,QFT,QFT,5,9,0,0,commutation_phase2,15,15,15,0.0,0.9999999999999987,False,0.0030002593994140625
10,real,QFT,QFT,5,9,0,0,hybrid_phase1_2,15,15,15,0.0,0.9999999999999987,False,0.02395153045654297
10,real,GHZ,GHZ,3,3,0,0,greedy_phase1,3,3,3,0.0,0.9999999999999996,False,0.0
10,real,GHZ,GHZ,3,3,0,0,commutation_phase2,3,3,3,0.0,0.9999999999999996,False,0.0
10,real,GHZ,GHZ,3,3,0,0,hybrid_phase1_2,3,3,3,0.0,0.9999999999999996,False,0.0032196044921875
10,real,GHZ,GHZ,4,4,0,0,greedy_phase1,4,4,4,0.0,0.9999999999999996,False,0.0
10,real,GHZ,GHZ,4,4,0,0,commutation_phase2,4,4,4,0.0,0.9999999999999996,False,0.0
10,real,GHZ,GHZ,4,4,0,0,hybrid_phase1_2,4,4,4,0.0,0.9999999999999996,False,0.00503849983215332
10,real,GHZ,GHZ,5,5,0,0,greedy_phase1,5,5,5,0.0,0.9999999999999998,False,0.0
10,real,GHZ,GHZ,5,5,0,0,commutation_phase2,5,5,5,0.0,0.9999999999999998,False,0.0
10,real,GHZ,GHZ,5,5,0,0,hybrid_phase1_2,5,5,5,0.0,0.9999999999999998,False,0.005000114440917969
10,real,CNOT_chain,CNOT_chain,3,4,0,0,greedy_phase1,4,4,0,1.0,1.0,True,0.0
10,real,CNOT_chain,CNOT_chain,3,4,0,0,commutation_phase2,4,4,4,0.0,1.0,False,0.0
10,real,CNOT_chain,CNOT_chain,3,4,0,0,hybrid_phase1_2,4,4,0,1.0,1.0,True,0.002969503402709961
10,real,CNOT_chain,CNOT_chain,4,6,0,0,greedy_phase1,6,6,0,1.0,1.0,True,0.0
10,real,CNOT_chain,CNOT_chain,4,6,0,0,commutation_phase2,6,6,6,0.0,1.0,False,0.0
10,real,CNOT_chain,CNOT_chain,4,6,0,0,hybrid_phase1_2,6,6,0,1.0,1.0,True,0.004000186920166016
10,real,CNOT_chain,CNOT_chain,5,8,0,0,greedy_phase1,8,8,0,1.0,1.0,True,0.0
10,real,CNOT_chain,CNOT_chain,5,8,0,0,commutation_phase2,8,8,8,0.0,1.0,False,0.0
10,real,CNOT_chain,CNOT_chain,5,8,0,0,hybrid_phase1_2,8,8,0,1.0,1.0,True,0.004999876022338867
