input_circuit_sha256,circuit_id,circuit_family,successful_rows,unique_output_circuits
0080a63f816f580541538093d5448ae336ed333ac6933bc71da115de0011b707,qaoa_line_8,QAOA,54,2
014e8da4cad4f97582e18a894f34fc8c3a41b14e6c31d3b3736404a1cf5b8e78,vqe_twolocal_8,VQE,54,2
01a23834d951decd141adabe1307f2ad87488faaf5ff243ee1ed65f08cf396e8,haar_4,HaarRandom,54,6
02163c542c157c61ed7195186ff2f5485f3042166bff997c922c173ac06103d0,bv_3,Oracle,54,4
03b7ba6584cd57903d9049d3d8d9d802e36a1d22303218b80bcdf8645fad3484,qaoa_line_4,QAOA,54,2
03eaab10a83e1dfeb034fd7582bcf4a2ea7fa5b71a897818b9064ad6fb621c5a,uccsd_6,UCCSD_inspired,54,4
061145114cca873e3d8fcf98f0fa0a719cdf86dc6144864cc899a7493711240b,iqp_6,IQP,54,6
0639b3b3f7a5228332fd6ea0cb7de6e464b224d886d779e81c774cab81bfce25,adder_6,Adder,54,3
06a9d110c02d1aaba25d743baf96461b3dd1bb878757e9b6610aa31e5bd58915,haar_4,HaarRandom,54,6
06c44d32c85d1c06864d6f9775908c5d875e7b32ddcad6ee5dfed8d86c27ca6f,surface_code_5,SurfaceCode,54,2
082489d14e2c84f851b9515f5e16cffad519cec34fbf1349a6ba883153cfe252,clifford_6,RandomClifford,54,11
08654d0b844c66f30029c8c41a7a668b9899dc14c7c9d5a5445fa5df75b6a5f4,surface_code_5,SurfaceCode,54,2
08824540c17b7e5551c4fed38e25fb7c445eb88bc2adf305e2ac828fad4d56a8,adder_8,Adder,54,3
08d1f72d01ec4aea7a1db3a931475f5b6dec3dbcbae9f261b9ca622d0598111e,qwalk_4,QuantumWalk,54,6
0a54b71bfd47499f18a2421cd6bf97c15dc3f348b2d97f00df878dc6173f5324,grover_8,Grover,52,8
0a81cc4d0a797c511cc7757f221f526b65d937b82fd056476c0518a352f5005b,iqp_4,IQP,54,3
0a90fc5e637b6da47ad2addab3dcc441b7340b4c926ab8292227e140ae48b338,grover_4,Grover,54,4
0b12314b8f546448b63ec916582bdcd18c8f92e57f6756737f55de986300e4e8,qwalk_7,QuantumWalk,28,9
0b2df1631cec49dcdf94ae6c89b987525505936cb61ce3a67e0759c3b5437914,vqe_twolocal_4,VQE,54,2
0beefbe297b32dc9ec283501ebd271f6102e615e89859d51183e5d935cb94f45,qwalk_3,QuantumWalk,54,5
0c385466b36d1cfb45b9905a2268a95cbec405473b691709845e71a0553c0b79,bv_8,Oracle,54,7
0cdd5a16e73c23ba58925f4d39695d1266fd02932361888693ce1d5d922fd6ce,adder_3,Adder,54,1
0ea94971bc42ea5f21350b8ee791f5ddd3a86cabd0502a4f2ecd331789793740,iqp_8,IQP,54,8
0ed63ca188a0b57909ea58f75b874bc3ffbc1cf811ad49c73522148c5bd18b55,bv_6,Oracle,54,5
0f71b269d40b142731582d0d62f4b9d2f8ad11f78887960b3215d7cb2db34e25,qwalk_3,QuantumWalk,54,5
0fd6af0acc8eee48624686a699bf40efbe937b9bf892e969565c84409f02f473,iqp_6,IQP,54,6
1010c2dbb1601660a48ce8b64e27c68253f6807c2256d09369338a6eb3aec367,qwalk_5,QuantumWalk,54,9
11ca0a34ccfcff1362a4d080d776863708b5bb85227870100bccb7ea7d29a31f,surface_code_6,SurfaceCode,54,1
12aba0a55cc5324f1f86a4be0a6e11b63595a323c727cbf9b31cd9615f0e057d,adder_6,Adder,54,3
13240229abe2d895d5bb8fac7699ccee2bd1c05a0deabd9eec9a4d3087670510,qwalk_6,QuantumWalk,52,9
146c3e821e8145d085eb90027904fa7f60f9de8430825fefc368f5c286fa991b,hardware_eff_8,HardwareEfficient,54,3
14da3f908abda6229c65d0aec602aaf53fad733479c969be7e0504eaa5dacae0,surface_code_7,SurfaceCode,54,2
15085463bb9acfc3d3c2fcc7416945689cf8dbdf38ee63960843c17c716d519e,surface_code_8,SurfaceCode,54,1
154e1b21a6daa22758883ad015b7502a4335e2bb3e6358f3a61131487aa4a47c,iqp_4,IQP,54,9
1640ff7462e7311a41f33aa104a27eee9536fe8b771e28d6bc904b5a4f4f958a,vqe_twolocal_6,VQE,54,2
1a7bfb668baba31b5cb74057590661843ab8c6a997dc5e21c16d38ca42dee44b,qwalk_7,QuantumWalk,28,9
1af7528f5f0b083d8fb217d2aaa8db5ea8fabaefadf375ad667c53198edfbaae,iqp_6,IQP,54,8
1b84760a272ee5b898d6856ea47d7309859a0aaa27c6d9f54caa0a3ca7965d66,grover_8,Grover,53,8
1bfe5860998e2d3ca1f048c0a396d2f3f0d4c199e4369ef422a20e44335b026d,iqp_4,IQP,54,6
1c82b236ba06c15d01c63ef7f002938983d64d0466097126e6dd69be4a8ec39b,surface_code_8,SurfaceCode,54,1
1cfed9e8d4d3d922274c93ac90508b7632b2c9fb1a0d01862aa77ba6164bb231,iqp_4,IQP,54,6
1d4853bca63144935eeb81d785f652a95967ee4e4ffe44f0b753e62a72490a87,uccsd_6,UCCSD_inspired,54,5
1da141578648db952d0c0258f06e9ac1c658cc518f58ccc3eae0aa459e7dd61c,bv_8,Oracle,54,7
1db722a4ab864b09920242db5924585ffb2e655a8900901ff640e894a1a58a2d,surface_code_5,SurfaceCode,54,1
1e0a27417d327285c170dedda1a30b6477266b0adcb25849edabf48071b99ff9,hardware_eff_6,HardwareEfficient,54,3
1e2e846760ffae18723d5eeb34d434e2b4745acb5f1ca7dbfd34512dbe0f8b16,qwalk_7,QuantumWalk,30,9
1e333b11b12581118a6220fdba235f1333b716caf85326bcbcae657ee5f5010d,vqe_twolocal_8,VQE,54,2
1f2f7626c24f4a5e8e01afeec9043f45c1fe4598224d2f0f5664d76ef61ea065,vqe_twolocal_8,VQE,54,2
1f7ce6e1ac59964310bdbd87991235d720efcce0cd2bcfa26c140ef95e59e2e8,hardware_eff_4,HardwareEfficient,54,3
20bd807cbfd98fe4ea82e3516bf2d4a8503636ee5a9f7d3e47639df20a82b08a,qaoa_line_4,QAOA,54,2
2164019ee5e79f18f2d1ccc22ecf54065aa0ae6d801bbde583c7eea6b58de838,adder_8,Adder,54,3
21ae7cff0e4c85366dd65e6e4172d4dc07c4d0910264670dc6bd54046b03b08f,iqp_4,IQP,54,5
22551b784d24a75d9256bbd007b935019702d979f1a26edaef3c56d99546120b,uccsd_8,UCCSD_inspired,54,5
2305d8f3c5c816b9903c87f6b6aefe0e169f33ae47188898aac6fc16bdc0b91d,iqp_8,IQP,54,8
251f2e6bde8df1f5e9ec01838a8651a4178e7cd4f49748cd82510544d5869691,vqe_twolocal_8,VQE,54,2
264d1b73ac4524485965989504c9021bc175f53d087f673a4187e2e9d2d8234b,uccsd_4,UCCSD_inspired,54,3
272804f10f95ecb2895a565280f8594781730f41735af2d503194d428323e8a2,qwalk_6,QuantumWalk,54,9
27a0f06f7cc08a8cc737a4739dc368a6357264dac3917d9592477680c4557db2,clifford_4,RandomClifford,54,8
27c1cdf3eda94e12894f67e152b42d888e3e26b135a7921a2ff59c204f99788d,bv_8,Oracle,54,5
27de95acc938a43758948985fc9dc86e4a392285121eaca84e3a9c40bceb4e31,qaoa_line_4,QAOA,54,2
28bfaeeecb293e1f876f9558f967228672ed62c635b047fed680c0fd03f9b918,clifford_6,RandomClifford,54,7
28fa1a35d35427a92d30c622a80840edaaf759c54c7873b8ef1ace832c84a0de,clifford_8,RandomClifford,54,6
2a80f64340c58306fb04a784ab1f93b8bc47dddf3b2084721a18783df59e4275,haar_4,HaarRandom,54,6
2b1cde4abea2ed44a9eb8279de400f807116abcb88a364fd04bbb05b1c3244ae,bv_3,Oracle,54,5
2b75895aa27cbc6b06ca489c63a0acceb9af896130529bb5c000766f1e53267c,clifford_8,RandomClifford,54,12
2bc3bac3e16a924e0b659e514bdadb24402dd25bb43047e6292e84d6f96ed9cf,adder_6,Adder,54,3
2bee44a161fa6c431fbd0ee8af1ba0d00e29dddddd1803be82a2bf7ca95465b8,grover_6,Grover,54,6
2c4eabb9f48c4ae3c75c74a5d4378f67f7d301aceb9b8651680f3c6aa91a6477,adder_6,Adder,54,3
2c84ea80bde7fac580d458a541d4e4690eaff27a501e95e6eb5ade7c80642293,qaoa_line_6,QAOA,54,2
2d043f6785f08c83f853dfb793626cfb8e1e5c2265f0d61dc52cab5049ee4b4d,vqe_twolocal_8,VQE,54,2
2d4868c22c53a34ba2e5046296f2ed6dd8a3b0bac61263a35b7a2fc4521fef18,clifford_6,RandomClifford,54,10
2d71c39b26582071bf61dcf0fd75c33b46d5626b7983e36e786fa74e823155c6,iqp_8,IQP,54,11
2da0675bcf3b7abb3d5daf9177c5c708714eb652339263c60ffc5cfc077ab523,grover_6,Grover,54,6
3113b971b548c7ee4e78af92d32b392c5bfcc30e701ff59f7420abc819314785,qaoa_line_6,QAOA,54,2
326af35614abc61489f1ad4018e0d4e3dedd5328f5de7283c2efd6199cf76236,hardware_eff_8,HardwareEfficient,54,3
327b728c1ca9b595df52e9004e38fd5c2c86f6df6d8c5681d21e504efae558cc,uccsd_8,UCCSD_inspired,54,5
329b15531e8ae55e3c8668f2b78d9dbb4532f68f6c3aa4cb36f07012787c1a07,hardware_eff_4,HardwareEfficient,54,3
32c9e772774deff17d4b957250f4893cf8bc7cbe5983475de6b326cdc1ece616,hardware_eff_4,HardwareEfficient,54,3
337a3eaa7a1c3a0e02cc2a645e6f2877a665d33c46c1b9ffe66b69734d333bd6,iqp_6,IQP,54,6
3423136e859fa215b3b360e805aaa1303009ced372beda3ec71687a13e80c4b6,qwalk_4,QuantumWalk,54,6
34ac6807a367e4649c549bb7e5379b105efee316f5ac8c12566d937750d6a8fa,bv_8,Oracle,54,8
350c8060ffd6c0e538db61490c774b4be2c7b6e47f358cfe7277cbb05914efda,vqe_twolocal_6,VQE,54,2
351812e2422dea6a191df1adc81100a4fd431345cee8a8a72b1f7b04de1a0395,bv_5,Oracle,54,4
376ceef4983731f7550ead348027cf64df326a3131ced4b5445918208feab683,adder_3,Adder,54,1
37cdb70bdc0a40384c6a1a0824df270d7d181388d831d4788c2d190a5106be0d,qwalk_8,QuantumWalk,0,0
380136ad69bebfc3d05fdf4d7fab225d1325b53da9391f41c26a567f88a08608,qwalk_6,QuantumWalk,54,9
389bf6f7858d6a53b8763831df2427cec2bb16be06630b7211a9f557a2dfcd75,qwalk_4,QuantumWalk,54,6
38fb79c22e616a17ca079d6ac91f1593bb639b1c9cdc24b819719a203860bb1c,haar_4,HaarRandom,54,6
3aae783a820f49c9540e519d2e0530dfc7772f6fca9d6281bb75cb295af6f03e,surface_code_6,SurfaceCode,54,2
3aee8fb917c05afbe6186cad1160779a632dee4212db5acd705c807383e6b682,adder_6,Adder,54,3
3caaac792211b208d26d1723c5c6222b514fd3fec82d2da780fcda89e7b16a2e,uccsd_6,UCCSD_inspired,54,4
3cb9f2651afb8f2f779991fabaa51b5b5213c87aadc3075b406a14441a8d4cdd,clifford_8,RandomClifford,54,16
3d81f170b70b37bcf04340d03252bc648978848cc80013b68533b757c45bbf0b,qwalk_5,QuantumWalk,54,9
3ddeba643cb1262108f3aa16deb98fff7a1b48b89c7248b1fb063953fca055c7,clifford_4,RandomClifford,54,6
3e0c8afaa2c7ac511c66cdc6f54a4f59ecec9d97e00b3f1ed0997592613b2ff4,vqe_twolocal_8,VQE,54,2
3e53f339ce23bcd55c9745a7e473937d8df2b36146b0e3872cd78980fcbfe035,iqp_6,IQP,54,6
3f042fa9b9dbce7185f41afba08f1499752dc0e6949614c29d69df95229d96bd,surface_code_6,SurfaceCode,54,1
3fb029699c8404b78c36d862792e62b0892de0e1c100f0d29978e2b9ce549abd,bv_3,Oracle,54,6
400ce4e70469d8d27ab3ac5495866397a68ae2ee6ba481d37cd7f7e03df762d3,iqp_6,IQP,54,6
4035c390bb35bd7735df397046c84d406ef79095dfe0cf931033a80c28b17459,grover_4,Grover,54,4
4089615b62e2dc0c0b1b7723660abedb66020a4036e6d847a938a772d0d6172b,qaoa_line_4,QAOA,54,2
40b2ed79783ce1a4b95b1d1ef139d1741d958ea40b9841f763ef32f8f0761c21,qwalk_3,QuantumWalk,54,5
40b8a20d828582d60cc0a21652298c67f1af38c18b2ccf8811937d13a9714a38,iqp_8,IQP,54,12
411fb287ad09f5ba59dc8928c41c7d63890830c6fb4a8d8bbc17d6aa448f59f5,iqp_6,IQP,54,6
41691b11f094e6d0a2948bdb40851a9dc8a1792a04c3badae293f622ddbf18c3,grover_6,Grover,54,6
4272cac3e6706df983c44985b044af11779366997597cd338541fc66ccef446f,bv_5,Oracle,54,4
437020e3b14d16381ddae29b4c8219401888281530fe7a429e0e50cdf87b176c,adder_8,Adder,54,3
439cf4a4745745332319327dc1b01075748fee45c1a0f2e6280ba8e9fbbe0487,surface_code_7,SurfaceCode,54,2
43bca13faef5c6cfe77a9608604ef4b0638bd1866f694ba91570d8417f61f6dc,hardware_eff_8,HardwareEfficient,53,3
4572941712e8aea150c8fa425b7e51001a6c0edaee560e513ec57c86bf5900af,hardware_eff_8,HardwareEfficient,54,3
4621ef48fbfa81d505e50e099d2d9bb268c3bcebb00ba5aac807e68b83d47cc6,bv_4,Oracle,54,5
469f3c49f6eef6fbc27961be39affa9dd7a346b81fe5a14dbe7113d65cab2cb2,iqp_6,IQP,54,9
46b9db66decc06088531b47b8ebb2df981fb151806949067077d84375b800a37,grover_4,Grover,54,4
48b1b2262a81838842891d34d28e8bb95c6ab5d240dc058f0b6299173c5a36fe,grover_8,Grover,54,6
4914698abc41ccf5c102d58cea869a0486728ed0832f0910ccf6c1306d1b49b0,bv_8,Oracle,54,5
495bef64d81542b62d65ea7f3ea2f68c15fd96f817571830c26016e760cb0b20,surface_code_7,SurfaceCode,54,1
49e4535dd05722cfe2cfda0d59fcc03e485eca61c04e97f3b303a014d4a4357b,hardware_eff_8,HardwareEfficient,54,3
4ac2702c1b96c4bb94104c83ed1f70861d0f3fced7f279ffff33418db3943556,iqp_4,IQP,54,6
4c91554a6a7a29ac388f41e86df4db15dc97853874c7d6e7defca805db616d06,vqe_twolocal_6,VQE,54,2
4cb477caf5f46aa76b3f54b03574649768b408906ee78ac4652943020cb7be7c,vqe_twolocal_8,VQE,54,2
4f0c8b34713d2fca63f5142fe0549056f4fe97f079b14a9139a45918778858fe,qaoa_line_6,QAOA,54,2
4fd56a4aef3db179df3c4a37d4ed820b90cc557115cd93951084f3d6b478ad8a,uccsd_8,UCCSD_inspired,54,4
50abdffe4514c651d5af9c7e16d8dce45ce300d5b27272614d921ca65abaa9e7,grover_6,Grover,54,5
50acc8cca2f23db161ca0e99de8435635242080dcd80d6ee45c483913667385d,surface_code_6,SurfaceCode,54,1
50b395729f861742949308b817a01e0a10080914e86479b908b73eb2a45bdba8,bv_7,Oracle,54,4
50b8786b19b903fee03c7d549eeadd02f826e61a98ec20ccfe13816a21e87930,grover_8,Grover,54,8
50bbfd9444a3a7981af5bef5ec6064a7c26b4cc07f48e50d38a5bd018f876bda,clifford_8,RandomClifford,54,12
50d40ab13a27632abb0016ec2e9af6972f0134cee65529429f585010b7f83a33,clifford_8,RandomClifford,54,10
50d9a47ee18d2e3012d55867372cff942253cf0f5194a46210afdf68c5391777,bv_4,Oracle,54,6
52fa838edc0ec27d2776b0f16823e23c9dd0d9fcbc80dde3c63633de21d71851,surface_code_7,SurfaceCode,54,1
53b73b5cd49bf304f89e5343449a253cb9005287952a8e3fd40f0f4538bd6356,vqe_twolocal_4,VQE,54,2
54081630416519b0c77bbd353bb5998e32c8ddc6917cc148e526826f6f6debc6,qwalk_8,QuantumWalk,0,0
5562a10a2385796690312a16c52884a150b99c123c39cb6b12089a46cad0a542,hardware_eff_4,HardwareEfficient,54,3
5644fee5bd8328c655b27bf4202f33cb49d6ff723364d466a3a1421f12c14466,hardware_eff_6,HardwareEfficient,54,3
566d2d8e6e0997a8b51a95c78b1f3ed52607b20964f2c0ae7de1115cada224ab,bv_7,Oracle,54,6
569144f1f4ed5900a4ee35afd5c24a98a42de6ce3c141773dc514b4ea44405f4,uccsd_4,UCCSD_inspired,54,3
5713a5dbe3be0670eb39317ac7b841739b453b10c8966fa6018e22c62466cb23,qaoa_line_8,QAOA,54,2
572ced8466222c9cce73f7c74264b2354fd93bd719eafb0290bc144dcb80224f,uccsd_6,UCCSD_inspired,54,5
587577f385cf54a3edd3cc639b3ac8cc5aa139f2ef414827515ddc7be4c12104,ghz_8,GHZ,54,1
599763794bd11a8ee3fb857551c69c3afd29964ebeb7ee6c9a144ee61a7e51c3,qwalk_4,QuantumWalk,54,6
59b729dbea5b2457f083d3577ed253a3b4f24dfc11f1e185af454468b65fb400,clifford_4,RandomClifford,54,7
59fbafb4a84f6e3bf7095d58daa93081c2109f6d48baaa6615d62eb5baec28bb,vqe_twolocal_4,VQE,54,2
5a934ea58cefe89266217b8814d0f05d97ee7364560c39b14857c236af49988b,qwalk_5,QuantumWalk,54,9
5b1e86584da3b6e4065a29ec23dcba8ca2e23b69da2d3d2debdbc7a05920c733,qwalk_4,QuantumWalk,54,6
5b2a31e79d9fc799bfce71b0e4edb7e81603780d93caa25247f243bb4205dfc2,iqp_8,IQP,54,8
5b48e826e65152b0af21cba70e11371c1b074a0c9c1e146e88104ebda8da7f44,qwalk_8,QuantumWalk,0,0
5c672ebce573529c490baac76666f3d7035c91d1a2552a4c883752c77353c5da,qaoa_line_4,QAOA,54,2
5d1c48263acc18a36d062c98661594cfac7e4418c02437f7200168f655d79429,bv_7,Oracle,54,7
5d82d980193b330314da27f4c315ba0460259d09cae3ee69bfb5598f13a62ac8,vqe_twolocal_8,VQE,54,2
5e374d2d9df7152707d5a3b917c5572905ce53bc378306ed7da8919f036c289d,hardware_eff_4,HardwareEfficient,54,3
5ead28e37038eedb416b5fe421b9e506b37e9503475ca2360ad0cdb94409277f,qwalk_3,QuantumWalk,54,5
5eaf1f2b9f33724492a3e71d4e8ceaefbf99cfd60c760cd93842c60ec7375ec3,vqe_twolocal_6,VQE,54,2
5f481c17ba4296b0a33c041b7470ec4748e61766c334712778a0ff41f81805da,haar_4,HaarRandom,54,6
5f5b6844177bd52e8c187fc996896ec6118d9e360e258d5f3707493673cae096,uccsd_4,UCCSD_inspired,54,3
600a25f9f932f78c6da4a944f24dd2405d8beeea9631fa80ab0ba450ccbf7277,bv_6,Oracle,54,5
60cbd40ccece385b0f47d6dbd5667c78d5709e2708b86620c809015e346ab443,haar_4,HaarRandom,53,6
6194c79c6876f931fd4dd2e105ee631824a9635fa4fec3f8ff6e7642655610e8,qwalk_7,QuantumWalk,29,9
6198918025e9d52620fa49da1e8fc24880b8cdf9ed5759f2b77490edd5060dc2,uccsd_4,UCCSD_inspired,54,3
621e78a0d5cbbcbb2a75d4d9755c646061565d0ead3e3cb962144cea9ad7496d,grover_8,Grover,54,6
632a65a86fd9bfab17ccedbd10b32b45490cc33030a23af0d675ad3e8ad7a445,ghz_4,GHZ,54,1
65a4561aab303f3d2678d1f01adae25c9c9feed7706b20ba64b34673afc99bc5,clifford_4,RandomClifford,54,5
67ac65461d4b57621b92856148cbe19f65ec089efa10dd8e0ec245c21403aea1,uccsd_6,UCCSD_inspired,54,4
6844da2119d733a01e2a77eb368d455c86913e069a73316edac258bedf73a884,vqe_twolocal_6,VQE,54,2
688a54258c5fc58844911584b848f67ef97f01928a47184b30d01cdff70937e2,qaoa_line_8,QAOA,54,2
69dc9b7c80d923f7c782eeecca4e015e05ed1068495a29bd0e903ae9e481abbf,bv_3,Oracle,54,4
69fbd289de660bed2b78ee9f9d1cc83e5a306b8d5606c47a6ad36a8643ea1d45,qwalk_4,QuantumWalk,54,6
6a3bfdb78a913f36bec2d7b63d723fb999cfb365f557915f888a35b62c45de5f,clifford_4,RandomClifford,54,6
6a6cf0f00d85ece4ad64c271afdd08b4cd8473655919bce2bcfa5db0713a4a8f,bv_6,Oracle,54,6
6a973daf65bd418bdd08beaf9461e58945e15cfd7d372f99f1bfabdf665daccf,adder_8,Adder,54,3
6b06e5f02a79dad7060380635124093ca1f091f78aa2c79881017c4349543c35,qaoa_line_6,QAOA,54,2
6b50423744cf6c022eecde33a07e710ea071ad97745eda5ae14badb443b4a3d4,uccsd_4,UCCSD_inspired,54,3
6d3b95d34d14070b7343cb878e296c782e0bb8553754324f96aa3678075d10e1,uccsd_8,UCCSD_inspired,54,5
6f3c72445c6c7b4ac694c7b6dcacbe9c97681c8c27c6ab4fd6a32ec94a0d5a2e,hardware_eff_4,HardwareEfficient,53,3
6fb483683d8a22c1752bbd74856400a9e8dc76f6c7498dc4e96e958be1a4c939,hardware_eff_4,HardwareEfficient,54,3
701484a18ee7e28286cedd323ee9dc71b83cfa896d35865ca7cdab0545cc5b6a,adder_6,Adder,54,3
7052aff8dd4903f03c23a3ac996d18fe787bf1c0241facc9c524e5ea4facd903,surface_code_6,SurfaceCode,54,1
706c0447268ee506ac59afcbc771e7db4407d41470f6beb3af60fa431e739c66,qaoa_line_8,QAOA,54,2
7130c27a527965bb0f258cb842a9113fb05e3fbe44a5dfbedcb9b9003b5cc534,bv_7,Oracle,53,5
71d778addd8ccb7f497d5f93f4f8f4243fe3239acec2e394b798baf7763c879e,clifford_6,RandomClifford,54,7
74e97e3e91fec3c194d338dbf07fe463abbee30e6ec302a429dd67d4ec2a8b92,clifford_6,RandomClifford,54,6
75870b8acd8d1782e558f24ff067ff0af4fd0fc15314bc31b3a27e06c4595379,iqp_6,IQP,54,11
76380e1d43ba4786b298e59145a5b74e4ad206b97e7bc9815e90e25dce301a8f,iqp_6,IQP,54,6
769bc5dd2330d3ce3c3b1c380e24657d4ac0458a73f5b99db5f78043adaa2bba,bv_4,Oracle,54,4
78372196a76be5b171c8c8652020a17fffda66c247774a77d4b49a122e356bf7,adder_8,Adder,54,3
798f2da3852850a248b844c609e1ad7fb57b023a680e6d42dc556d31133c1a31,surface_code_7,SurfaceCode,54,2
7b3522676d252291940c2a9e9f17d81dfc1a5077c6b697e15563a3447cfc72ab,uccsd_4,UCCSD_inspired,54,4
7b4fd106d73016d705a5586e9b761915a1ae550e15f90ea6ef09404df6cc4937,hardware_eff_8,HardwareEfficient,54,3
7ca61cc51f86f8358466b512f82fdd1bedfd46f4ebc65d118de7a2b190605e78,qaoa_line_6,QAOA,54,2
7de15138171180eddd35e0f29e3e3ce11f0b20302daab2bc45c5be3302e9cf4d,surface_code_4,SurfaceCode,54,1
819de267fab80716cb86e286e98db600de07f39e06fb46f98a0783888e0e19a6,bv_6,Oracle,54,5
826a81832c43fd3beaa5ea66f63d19579c7ae7c3f309c590d3c64709d2be3057,bv_8,Oracle,54,7
834aeb4ed3be004b7a0b3e681d43de66de6de8f35a5e9fb1bfa818d7b959284b,vqe_twolocal_8,VQE,54,2
83736b18a61dd9b2fd86cf7fc2f36d12cbe6d26237036b39893a814898578b01,iqp_8,IQP,54,7
83c7c3f2143beb462726dd5669eb691fae0cabe693debd1cd6c9926ec8aac05b,clifford_6,RandomClifford,54,14
84d3281e5151bde9af2a7cc3de51f55b2dd2cfb8283f989bef5f9482034a8a54,uccsd_6,UCCSD_inspired,54,5
84e5ffa52ff593155fe71d6c5301d13481243936c02d7dea5e63cbb838e247aa,bv_5,Oracle,54,5
84fde07bd40be8d7a95d24cc510e9db8ab0d019aaad3c30a43907f561b19ebb6,adder_6,Adder,54,3
8664cf212e90101e901ea020a3d13bba14837c13195e5d2d2e6c78405c613790,qwalk_8,QuantumWalk,0,0
887988d6755fe3aeb072232cdd949704ce84134ffba601652f00a321dc5040c3,qaoa_line_8,QAOA,54,2
893f6526bf6a6d3aeec9c02876eace88e08e93caa6ed56c50764daeba95b4560,haar_4,HaarRandom,54,6
8a0f6aa4d86982e6f5d44dfb1933a65cba2e861eeaa794468785325cd7f38e8a,bv_5,Oracle,54,4
8a29549e2e2fa7f01199af622b2eca0054357c598c80d4060397da27d98f6196,qaoa_line_8,QAOA,54,2
8a2dab910f6b0fb4138b6288249055697b4a82d54aeb40f1b365d52677ecd74e,qwalk_7,QuantumWalk,29,9
8aaf01a56bcab37914ddfaba82a75a16e140d95441d873784a6ddbc0cb82048b,qwalk_6,QuantumWalk,53,9
8b29e59e3a39db333187ef02a279d7723f487d94b438e8e97ce4d73eab48b4e8,clifford_4,RandomClifford,54,6
8d9675d03084170fe7ac5525f6fcb719077b9720d82fdfd3a3438964e78b6345,uccsd_6,UCCSD_inspired,54,4
8e6db4fdd8b1e74adfbeaf694b8f894260e2dc63ceccc8e39646673ee43949df,qaoa_line_6,QAOA,54,2
8fade07fc864918c4a4969c2781f2c199d2cec46f63e96c10290027163d5a455,bv_5,Oracle,54,6
8fe6a04fb57130ecbb92ca64358dee1b21d52ec1cfd3a2ce2f134a6345166151,bv_3,Oracle,54,5
8ff9e347f089a38379fb8b9dddac5f467f20f23caa1892008b74218e158a33c3,bv_7,Oracle,54,5
90b9d6a98141cc942d3ded30a930bd0e1d014a4a74273b8ac4367eda1522afc9,qwalk_5,QuantumWalk,54,9
9122b5a207a4c0a8ffeedf35af10c42a747aa84296b789e02a6bac63a0970083,hardware_eff_6,HardwareEfficient,54,3
914e1499c292081bdc75f6dcd9813bbb7b2085fe470253f7000b70ace6ba61c9,qaoa_line_8,QAOA,54,2
916e8ca7c9598753b3e23a7ed30b002882a72b04507e198132b31ffc6a26ef74,qwalk_8,QuantumWalk,0,0
91e4aec91029d653afc2f4cfd9acf0f34aa36fd0f56363bd622f0d0b2fbd912f,uccsd_8,UCCSD_inspired,54,5
920715dea765673c0d3337786b5f66da8038c75428d4b37e5c288736db47b69d,qwalk_3,QuantumWalk,54,4
930cb78f04ba9cb29ab33d24598112a6118327a15181d12512e9f28c264180b8,iqp_4,IQP,54,6
93467de4ec8b6447d0046632416f75a2a2ec7eaa82fac32a3b3cb7e00e0debdb,hardware_eff_6,HardwareEfficient,54,3
93777dbb1396f34119a3c7abd792673d63abea48eb3460371bc0edff6ad7e7d7,grover_4,Grover,54,2
948333538f192e047cf807ea8eaf140facd1c784484d67f3d731205abea6929e,qwalk_5,QuantumWalk,54,9
95300c7f12f75049fd4f840f8155f54ae4f02dfc980112dcf6f32aa7fa26c259,haar_4,HaarRandom,54,6
9599f9974b14de7195d737812cbf1c818a7ceb9b98d68f8d815c350d4d59daaa,qwalk_3,QuantumWalk,54,5
9622962052cfcefe2e8d5fcff75c437ddc1262dc21b471fdc6bd179d3b83f28b,grover_8,Grover,53,6
96459b4f823e438eec56e9c1a97a6dd324300ee70290658957d9ad22142ab813,vqe_twolocal_6,VQE,54,2
96561fd3e0765c0456e8f0b0e5c9c800074d4f866c985077bc85ca4c0fb159aa,clifford_4,RandomClifford,54,10
96cd385647c924a15dadcdee8b59db5e9352e18d77f51d5aa446cd42c94b7327,qwalk_5,QuantumWalk,54,9
974adb34b1a2c479396dd1800d00c4417c08a4c562a7370805ba00b5d6610880,clifford_6,RandomClifford,54,9
98123c419282ef8d7ead755526545f8d1b8e6129c506a92b5eb114e588eb0ab3,surface_code_4,SurfaceCode,54,1
98288a8bb24c6c4e673cdd1a4153610759a5259eab1700308a6bb0e7520a1d09,qaoa_line_4,QAOA,54,2
998d28f393fb6fe8a78d18a2436597cf82c17978859d430e5e43e089471944d1,qwalk_6,QuantumWalk,54,9
9993748afb946e813a238ac5a076c27198681dc64512c0ce7cc22005a88285fa,bv_7,Oracle,54,7
99bbb7d14c43822569de544c5e8a4b3ccfd00506bb1041b2da2a6c12d1b20f7f,adder_8,Adder,54,3
9a041e65e0425acb6f1da0991581cf3416dbc278e761b7a398593dbb6f7ed442,qwalk_7,QuantumWalk,33,9
9a6752a986b7de67a2977ce77e0634b35bfc7e4d5a12d7062bff9e2c4b218176,surface_code_5,SurfaceCode,54,1
9b814e3da54f5c874ddcbdff9fe61f872bb409035a9acff0f2c7ae13b5c91b90,qwalk_3,QuantumWalk,54,5
9b819e13eadb54421cd96fd869adb2ed0aa6de9853a854066e3d928117142acf,qwalk_7,QuantumWalk,32,9
9d28cb9bb42a70f9fa00e7efba94348562efdd144be3a7aef8382f0ab9e0b925,bv_5,Oracle,54,6
9d7bae7cb361f289bfa22b373c94a22b6cd06c8e0c5262709fba830673dcf4e2,qwalk_3,QuantumWalk,54,5
9efcd7e7d63057f26477dd71e9cc9399123981e05ee8aa5ae613fa5f7681e66c,surface_code_5,SurfaceCode,54,1
9fac801b9c9b3af1aab1409fb21f666a7b588bdf8dd5282a5a0b081971ec442e,vqe_twolocal_4,VQE,54,2
a0ce795cd049a6a5d79e6ebd68db90d152d868a0c823cf524ea052b7c5e56697,vqe_twolocal_4,VQE,54,2
a16dbe89e98ec8eef49995c9edecf7e520b6fce018b74c0aa8248506ead433db,surface_code_6,SurfaceCode,54,1
a184604fe8e9fff65d7fc4b04a0374176884155f49835fc64a3e78eeea2e3335,iqp_4,IQP,54,4
a1b0ba8e9683b6e8fb7f674fec300eb87f2d2387d58f482c81187c497cdc2175,surface_code_8,SurfaceCode,54,1
a25cdf698d5ca8a8af744fd0fd1ebd652891919421d5e150b2a7e5e42e0cf9e7,surface_code_8,SurfaceCode,53,2
a56b84561ace0423d3f71194279f62be3b29e47c98491c316e3446561f61dbf1,vqe_twolocal_6,VQE,54,2
a5f7781ed3e4e651a2e5798f49ae601eea6d43bc87e45d3700bb4db9feee5c3a,bv_7,Oracle,54,6
a7ab9db53d4fc264f2d6a392f086a33f96e5c9b66ca7eb54d656793b0b5aeb07,vqe_twolocal_8,VQE,54,2
a7f212f7ecd7ee7353a7ba466a9af47a975f54aa9c15ab288c44982273c22d68,qaoa_line_8,QAOA,54,2
a8db7c393892d2adec545708e5f0d633c2a3a558227f079b35365b5a62cf7950,bv_7,Oracle,54,5
a8fb890216921697e75dec718450347728fa67236e477ce8e39377128e6df537,grover_6,Grover,54,6
a9cbe813352eb8bbddbb6de7feecde853f066b5cf29e96a7a2f84a6cd354761a,cnot_chain_6,CNOT,54,1
ab626155e296fef5bbc2642087791bce56ed006287bde666542289458665c89d,grover_8,Grover,53,8
ab6c0308e70783c337dc12cc3601cedbca26ad9ff939cc7bbedff27b595326e7,clifford_8,RandomClifford,54,8
aba6140f6f41bb9a15bf0b99954920f2f59a73deff2d6fea22ba7c52a34ffc96,bv_8,Oracle,54,6
ac23376052bba9fcf5428066a06b89b96da995a9acb10b13e8626b43ae59a3f4,iqp_4,IQP,54,9
ac5cb7a1191241454b4fd01d93fcb219cc0a72bbf543d70ec604ba87a2a0d7ad,qwalk_4,QuantumWalk,54,6
ace916e35582c95d21da984fde2d1f6a3536707d59739f448aeda811b215f37b,qaoa_line_6,QAOA,54,2
ad24aca845e266cfd8d2120a528eaaa1b8189e8618686a63cc593efe3ae9c728,uccsd_8,UCCSD_inspired,54,5
adb7f9987b9b0c05e801b5fd0511f99788c5efa1cba7a076de804d89d6620b85,qwalk_3,QuantumWalk,54,5
adbb48a0ef0579f1930cd5635450dda6ac0134b70ed705fee57896785a5c920c,hardware_eff_6,HardwareEfficient,54,3
ae182db40b924159285ac8bdf3845f1ffd37b35456f942ececf2ce981152b240,hardware_eff_6,HardwareEfficient,54,3
aef180d7cfe4026d3e6db4acce1baa759ce2591ce74fa6b84d10d2c6bd83dc03,vqe_twolocal_6,VQE,54,2
b15d50df71933b4745ec5799d5ef54fb7c162bc3ca92e983a8aeafe41413e0a6,vqe_twolocal_4,VQE,54,2
b1eea75a6b9b0df65f92fc8a6cc335196d0e181b16f0295c85e61c1ab5bcff75,bv_5,Oracle,54,6
b23d5b47568d035621cb80cca02e66ed29fa44d2e21a148d6383023cfd01a848,clifford_8,RandomClifford,53,11
b259423cfea000395faab3e5ca8720b18bebae620bc17f21338f9ffae251d987,clifford_6,RandomClifford,54,13
b2b8ea4ed9aecdcfd921ea28cb16d178c46018000c9dec2eead95b2c37123b51,hardware_eff_4,HardwareEfficient,54,3
b2f83603b76f95e86e3b51898d6ea360adf3a62f51aa296baf0178913d4108b2,qft_8,QFT,54,2
b45c3a20db4f3ccbe86b7028b2a3ed6875c846178b3f7e82a870185c5a08cbaa,qwalk_8,QuantumWalk,0,0
b48696525dc16ace3d17f7656e6602f2710e54d030274a737712c3dc966a5f93,qwalk_6,QuantumWalk,53,9
b4accbdc8bd4599d8f4a4a4f335254fe7d27c0867b844bb682bb307303bce702,qwalk_6,QuantumWalk,54,9
b4cd6266c1d6b1edd7ea9ea096d9648f4a7ea3feb36e3428f392b9ca88c53b4a,uccsd_8,UCCSD_inspired,54,5
b566c5863a335453fb112204e335b3b8c73d2037c3d0809e6850d62248548ca5,qwalk_4,QuantumWalk,54,6
b5ac35a68d5e59c46c6564e09d414ba98d05d318ac2cd28aaf6914b943c91c9b,surface_code_8,SurfaceCode,54,2
b63fd2de0ff796d62723a6961d9f93b047c283f4c15875f6f34624e5c2b51a09,clifford_6,RandomClifford,54,11
b7163b3a00248ea960a5124b05a311a33fb77506ed9fa5aaef446ad5230301a1,bv_5,Oracle,54,6
b72eb04aad8622c714692f86379ddbd86e546720b70e03867b27fc5229606036,bv_5,Oracle,53,5
b81e1fce8a1444d85177c6bc7af38bad39960f4060e55d08611f399ee4619722,bv_4,Oracle,54,5
b866fb4b41003a7d731ad7258462101c103a99bb9ec5d149206b154bb5a479bf,surface_code_8,SurfaceCode,54,1
b98a3363c993ad5edbd737590039c24e4937feb19e9844969467b91522d86dd8,bv_6,Oracle,54,5
baa36a6bacd09d29a4e1ac1a3471506608430765957e6bc127dfa683d2dcf33d,hardware_eff_6,HardwareEfficient,54,3
bb4d201ec90fe59ed3e9c9ab9ff269487e716ab1bee068bff9f74529b1de6f93,iqp_8,IQP,54,8
bc22540f392dc6218ac675f61a3e1ee5a21f4dc4e1c913d2f494c41bf37a67ac,qwalk_5,QuantumWalk,54,9
be09cfe6fcb270823374495faa12de7dd56fe873b61ea5f4780fe001b3ab1ec1,qwalk_8,QuantumWalk,0,0
bf030e55f967a90ee4eb2ded2fcf87d656a3c8d4b083d1929398168bd0de4ba9,grover_8,Grover,54,8
c03a59f09d1814f61e8886ce6c504c04c0bf89965ff911746bb96e21e9cd570c,surface_code_7,SurfaceCode,54,2
c0c051c7a9295d5137a161ac09714dc00806ce534ed42ba562204e5c4a2bdbb3,bv_6,Oracle,54,4
c15ccd1efbe0b71c21464e888a978afbe6b6cf006bd895873c7d9b8e51efbaf0,cnot_chain_4,CNOT,54,1
c250d0ccb4006b4e767ef51fbcbcf33ec45690c2483928f4ce6a525259b23d35,iqp_8,IQP,54,11
c2bc1600a43475bd792ec7ca2dfb34c87d2b32b84e9b2893c489410f17e2a572,bv_5,Oracle,54,6
c2edd0f05863f7c5791bbf5b6ee2131a4e62dce0b2cac1a356f178eeca043f8a,uccsd_8,UCCSD_inspired,54,5
c2f59740e6b3e2a395683f9a2c34a12a350af985f437251f55c71e43bf23f1ab,adder_3,Adder,54,1
c3781847e3b476f0de097ecb06e247f54b9b45f604f5ccafeaab4169f506470a,adder_8,Adder,54,3
c3e848fe6db54137fa92444db2668cef254476947d748c8e25e29c13f6d30cb7,qaoa_line_4,QAOA,54,2
c4a720840c00df3b0c2ea7000f573447922240d5d236a8c5747e3c48a1fb6259,qwalk_5,QuantumWalk,54,9
c5d3cc7e27224a7f0435dbe10fc8c046011f5e3b58eea6c57431181a4bcbcb20,qwalk_6,QuantumWalk,54,9
c63e19873423ccaaf570f0b635947cafec97a5e60d7fb9d0985ab0dc116133d6,grover_6,Grover,54,6
c73af4761baf3dcf4f28a3987d55dab7647737f13e2d751db93c903d205972c6,qwalk_8,QuantumWalk,0,0
c76911ce3c699af70df27c30a55cb7d4fd150a3f8bf77edf7314c601b966ce1d,qwalk_5,QuantumWalk,54,9
c79699bc553ba266feca0cc48d12346c9fa31633f6c158d26ee08f6599c9d82f,surface_code_6,SurfaceCode,54,1
c80dc910531d98ab04912a54ca6e6cff211f9569ba484ea14b21a9fcde6bec0c,bv_7,Oracle,54,5
c838d74688b6214d2871ed53c97174482edaa079269b7f347a8a6bf095e67a70,qaoa_line_4,QAOA,54,2
c89d31d25881b4b5dd8323251c36c8c21866d3fa920f89cfd20f0916925d98ed,uccsd_6,UCCSD_inspired,54,5
c91f83f84726fdd86c22a20ea08453d780f2bdd292a5b3b056d983430ea40d06,grover_4,Grover,54,4
c9e5b59e32c53d4772620b8ccf8ab1e16870e879379d57c33dae662522f67ce3,qwalk_6,QuantumWalk,52,9
ca386edd88164ffa11c481f7253c35755085ab3b89dc4a040baf53ef07db46b7,qaoa_line_8,QAOA,54,2
ca837fd5027f82056681081774fff9507cfd1c727e71867d93a552ff2a4cdc99,hardware_eff_8,HardwareEfficient,53,3
cc1ddd28093a20372a6d256992968b8bc18e2829750947498955a406113f5f52,grover_4,Grover,54,2
cc5fe9a32e955a3c62cf12c58fdd8fe6ea17b2a383a2d9c22c7b0c1576080d57,bv_6,Oracle,54,7
cc7c4783b7000be0e3c619b0c96a7ebef0b8efc8519c4f8c90d9d9b1b3a49f6e,qaoa_line_6,QAOA,54,2
ccdc8f9f8df42bd9ba725c7a01cb969824ddf0f3041bb56bc2f91791a8b9db06,clifford_8,RandomClifford,54,7
ccea9ac438850bdbc663c5c72a67f5ea0eacc8d96469a1fb20d748e4a81b5c76,qwalk_4,QuantumWalk,54,6
cdbe33fccd70c92e6cc7d2b7574511bac38dc61b4808e8978c79d8fe49b754db,qaoa_line_4,QAOA,54,2
cdd100c7eff0d706945d603b660c1569d33187e1be34e594e80d66dbe901ac39,vqe_twolocal_4,VQE,54,2
cf3c03de2da7d0f3afc65dcd7a8b9bf97cc30cecd8d496b48c60f839667848c4,qaoa_line_6,QAOA,54,2
d200c6e5a74daf138e202579980ec549be8f1d3b945dcb231a735ae5ef935ab2,uccsd_8,UCCSD_inspired,54,5
d38566d48961c0f4bf6be3a09a849c118d9719eaeb3ba58b46b96218d1814c2e,qaoa_line_4,QAOA,54,2
d3b5ace1ffcfa1395fa7475de82da131003d95cdf3358f349d791df72f45b4ae,bv_8,Oracle,53,9
d3e8b51351e86caa6d8939fe0a903f48a089e7d220d46a14b52d6c94e6e43394,cnot_chain_8,CNOT,54,1
d47fbcf86d26708129ff7ec50334223b04f3b91344825d19f2600cab1a7800c0,clifford_8,RandomClifford,54,11
d666adb13ce66e444e16398e08fd2d7d2169fcc728eb154e78b91f40918df82c,bv_4,Oracle,54,5
d75b107d6610e55aacfddff9d177a41d58656d6851d4b751fc8b7a09d03890a5,uccsd_8,UCCSD_inspired,54,4
d9314ccce0f63523afe008acf2a9b627f9cd1bc22c527bfb6df0dd4c5f4c780c,clifford_8,RandomClifford,54,13
da3d5d211a834bc0eae3944ac1de0713b7822563ca9f58d191717e39618f430e,uccsd_6,UCCSD_inspired,54,4
dac7e56e9490cb5f19a852e1206995c9711c1c95c63e61eba2ed4a4acecf7099,hardware_eff_8,HardwareEfficient,54,3
db276c8d92545f754aab16b3664fca1ddb31410f3135295ca28b78969f0459a4,uccsd_4,UCCSD_inspired,54,3
db73dc3dec7c024cc43e6fa9f7009bc8675da1af254d45987392008ad0a477b4,vqe_twolocal_4,VQE,54,2
dbf2ecc496a8a4f6e88f13828e776d93956e73b115d0ae52ddd4ce1fa1fc5605,hardware_eff_4,HardwareEfficient,54,3
dbf410d1e5693402b537af90e7218374f0c429041426b90bd4d34500d64685d5,bv_6,Oracle,54,5
dc8ceaecb8e2ef6b2a8168d75f511498a0bb1c550f459c37996e52c89e84ba85,qwalk_7,QuantumWalk,33,9
dce7762d954de1250538ce0ef1982983332ffbdb47daa6e5f864c86712de8393,iqp_4,IQP,54,6
dd0bd9d601309ab2409129880f851b4a0aa922f7e24924a06c30ef6874a5a00b,grover_4,Grover,54,2
de6c0eaa11dbb8cb038759ba22e2ae33584fddad76d7f93a185f16b9e2034ea9,uccsd_4,UCCSD_inspired,54,4
de948303c9c984b841388b3aa67f077ef51521bf18b9a003b8ea79b973958b75,vqe_twolocal_4,VQE,53,2
df499dded1e0518f2f6266b9f0e35d3c81e6057b5ba6e6decbb0f26370e5bb03,ghz_6,GHZ,54,1
dfb04a777b1d92f2bd1c26ca8fecfc77e6e9e7fe6b9091cef1ea2753dd14dae8,clifford_4,RandomClifford,54,8
e00e580e23474658e32e03271e9930d065185c3eea39cd126893c951749d2ca8,iqp_8,IQP,54,6
e088528b02a19eec385f62f0fcc85a3229fa96910264b09991adb2dcc6fd3870,vqe_twolocal_6,VQE,54,2
e0b3e1cffafcde6de2affb92f841e127bb661b6483670899f818b5dc9fe9021e,adder_8,Adder,54,3
e166fa2a19a186e5e1137d16871bf8113bf541253cf619d063dff93086ac2fbd,grover_8,Grover,53,8
e1e87948c1add56cf7276d71868a09a47fa9a3c181b86099ca4c0991612b1e44,uccsd_6,UCCSD_inspired,54,4
e2143d08e116cb3586d657f776bf753f5b6696964a06ed9814fe6dc5d6a4f903,surface_code_5,SurfaceCode,54,1
e26eca49b8903c7b025bb5c3be2146eaa21c6fab5a1606c2bb182de89c74b664,clifford_6,RandomClifford,54,6
e4bc9db5147e3cf352a2b34eb199daa122ba5549fa5d7b3f3f678a4af97036f6,surface_code_8,SurfaceCode,54,1
e4d691f8c012af76095e7a10ad56544d75b24ab2672cd278233741ac8ea1250f,bv_4,Oracle,54,5
e531af1f8b94fffea8b8bce63a1597bd0985b332e393c62efb10770617f93294,hardware_eff_8,HardwareEfficient,54,3
e541b465d3e72bc04ff8e5a4eb83441dd9b5c474b735a707e491dfff3e8ff456,qwalk_7,QuantumWalk,31,9
e5bbbd1f18635ae8322525fdc27639ee5570adb4ddc5f530d7a8cb95f2790501,bv_8,Oracle,54,6
e70adb6d3e5448619b259d6e825d34f94cb868684eb2b940009ecdb58c7275ee,surface_code_4,SurfaceCode,54,1
e761adf8efeac5c21762208c08429dd4686d16eb4cbc1582e6d4ebc809852f66,qft_6,QFT,54,2
e7c3197175704bce082edb885d4fa6328a0f697d629942098860c96b5b014a8c,qaoa_line_8,QAOA,54,2
e7fffabc07b75ea40680bf5a6622f4cdc16711362459ed4523e903018e295e22,hardware_eff_6,HardwareEfficient,54,3
ea35cdaebcc83e38febe7db50517ceef51edfed198ba7cbb4f3cc64485df66df,bv_6,Oracle,54,6
ea4cff4dbbb34657d0633d5d1bcc4831684ba4949396d8256e08ea5b99fa4636,qwalk_4,QuantumWalk,54,6
ea616cc3027e3233ee7136c2491ed791a67189fd196da0c12b55f980a7200a76,haar_4,HaarRandom,53,6
ea73428471a9248638dd006062cec1db6ccaa07e8d43e75ef1c93ebe8cdb08c1,bv_6,Oracle,54,5
ec754f7e3892ee8ca405ace36ffa2cf3d8489863d2f83852f623de773dd94b1e,qft_4,QFT,54,1
ec9289c88d9acb9814cb60890e2e2d888e2853fae21087e87cdc61fd856c3ee5,surface_code_8,SurfaceCode,54,2
ecdc88be58bf549d56d32e78bd4bc92867b980440b9b1b2d29c6a6a0c98bcfe2,uccsd_4,UCCSD_inspired,54,3
ecfd2572e51eb6ffed7dc27ff03ff03e0340732f1c1277c844b7427722591d79,hardware_eff_8,HardwareEfficient,54,3
edd5a22e6ec1e0d26a85c6c718e1e94836f192ceab2dbfb5f4d8a6786339dd0d,qaoa_line_6,QAOA,54,2
eddd39fb7713c30765eff96b2b18a93b5a81f161905df421991d8256e7b31b8f,clifford_4,RandomClifford,54,7
efcc1de189949fabda88791e6b68d73aff3b14e37c742a15535d4e16dce0f0ac,qwalk_8,QuantumWalk,0,0
efe05a598852b28e2f1b7f34b2184f3989d4eb2ea9ee1ee00b340a751d905e75,surface_code_7,SurfaceCode,54,1
f0ce08a94e8912e5622a6df3ca1903091c67e592bc993e854d2aac9723e208a7,grover_6,Grover,54,6
f1284efd15a9080f1c608580385172943d833e7426babe23f2a385b344fca9ac,qwalk_6,QuantumWalk,54,9
f1385dea23b197291382303ec5ddac0c2b35748e3eb579fdc7cf835943215c47,adder_4,Adder,54,1
f1bbfe2c5554ef1e3780c3589fe5016e2871845659c086dd38a099ad9bd9415e,surface_code_6,SurfaceCode,54,1
f360b2738c36711c1019ce7764c30286bb612c574b1f9d512b2ca2afeaad5639,grover_6,Grover,54,6
f4b0bcb6432520607dadb467eb5e704c725dfbb16639473eee8c5a019635e799,qwalk_7,QuantumWalk,31,9
f5218a03ce51439316bb3e4b2f5acfecbedb82b79c39fa380d33bec3ad235abe,haar_4,HaarRandom,54,6
f5800ccda7bc5fe6d0223d2c5024b1e92540cfdc9389dbbd217178e1660d20cb,iqp_8,IQP,54,8
f5abe5e6eaa29a69e1bf7d01179729f0dbdaec8309b1956baf7cc1f60ae61b0a,grover_8,Grover,54,8
f6bad2be7e968d27cb136e3528e2562cdb27eccfd23b265b21bc4684c8c2ff48,grover_6,Grover,54,6
f82545ab8dd2e124bb20b12a2943a1f6d29666837c03c9275f4c803dc1929c72,bv_4,Oracle,54,5
f82bca5573e6e4f880dd93e93fbd33df5af794da6882ff8adad6e33e221312b3,adder_8,Adder,54,3
f88dd26fe808edabf53419e020b87e3b4a517886def363d693787b3bc9728cf8,qwalk_5,QuantumWalk,54,9
f9d16c2d718e8feb24e5f21b7bc25db092d80ca773e1eeec21eebaf6cdf07b81,bv_8,Oracle,54,5
fa9e1b48ab72bf8257e53fa08802bb8190d6d9ea0feacf0444e455c6a6058b83,vqe_twolocal_4,VQE,54,2
faa92b4b8c5dc1e1c3f300c4914c715114a30697cd05ffab2f7353daa84168d5,hardware_eff_6,HardwareEfficient,54,3
fad3c5f191237ccefb3283566a70159b1baa6b56d18ce49a8add74141be307f5,surface_code_4,SurfaceCode,54,1
fbbb1f6cb302de75c9077919dccba48d46bf95447cc57a644a2377416daa7c26,hardware_eff_4,HardwareEfficient,54,3
fbc4d3c061750bc2d5462260e0508f2ff85141dcec68e851026e02ad27734a4c,qwalk_3,QuantumWalk,54,5
fc2908d6c4fd8d02ebb288c7d8a25dc4e5b9a8036c7104236e5788bd6a0d11cd,vqe_twolocal_6,VQE,54,2
fc9c0098d5d07331d9cb6faf263afc0d636a3b06394b50375880dd47fed4a931,qwalk_8,QuantumWalk,0,0
fcc1daadc89b349ed68d575311f3e662b665486c74c598f45f3b363c8841378d,grover_4,Grover,54,4
fd904e687f3606b7bbc5cd8c5f015303fb63612af2cc5137bd4ac9367a00f3f1,hardware_eff_6,HardwareEfficient,54,3
fdae7380efaf259898d620665d1e44cd04b23f73bf766b851f7195de78f58d9d,clifford_4,RandomClifford,53,8
ffbccff06f7f6ee0e5485c7374bbae521e513bf19f08f375c992f0d2c68d895c,adder_6,Adder,54,3
fff9e82ccf288b69ac39de668fca6fe3c6b30b9b7b6254dc68246f60aa6e303c,uccsd_4,UCCSD_inspired,54,3
