experiment,n_qubits,depth,trial,seed,optimizer,gate_count,entanglement_entropy,normalized_entropy,original_size,optimized_size,reduction,fidelity,success,runtime_seconds,optimizer_version
4,5,15,0,42,greedy,75,1.5470149121860555,0.8840085212491745,75,75,0.0,0.9999999999999944,False,0.0030264854431152344,3.0.0
4,5,15,0,42,rls,75,1.5470149121860555,0.8840085212491745,75,75,0.0,0.9999999999999944,False,8.24005913734436,3.0.0
4,5,15,0,42,sa,75,1.5470149121860555,0.8840085212491745,75,77,-0.026666666666666616,0.9999999999999947,False,2.8892104625701904,3.0.0
4,5,15,0,42,ga,75,1.5470149121860555,0.8840085212491745,75,75,0.0,0.9999999999999944,False,9.043010473251343,3.0.0
4,5,15,1,43,greedy,75,1.0947803352325343,0.6255887629900195,75,75,0.0,0.9999999999999936,False,0.0025115013122558594,3.0.0
4,5,15,1,43,rls,75,1.0947803352325343,0.6255887629900195,75,75,0.0,0.9999999999999938,False,8.549646854400635,3.0.0
4,5,15,1,43,sa,75,1.0947803352325343,0.6255887629900195,75,75,0.0,0.9999999999999936,False,3.36903977394104,3.0.0
4,5,15,1,43,ga,75,1.0947803352325343,0.6255887629900195,75,75,0.0,0.9999999999999938,False,8.94503927230835,3.0.0
4,5,15,2,44,greedy,75,0.8808309746696269,0.5033319855255011,75,75,0.0,0.9999999999999938,False,0.0038900375366210938,3.0.0
4,5,15,2,44,rls,75,0.8808309746696269,0.5033319855255011,75,75,0.0,0.999999999999994,False,11.484366416931152,3.0.0
4,5,15,2,44,sa,75,0.8808309746696269,0.5033319855255011,75,81,-0.08000000000000007,0.9999999999999944,False,3.236670732498169,3.0.0
4,5,15,2,44,ga,75,0.8808309746696269,0.5033319855255011,75,75,0.0,0.999999999999994,False,9.73349905014038,3.0.0
4,5,15,3,45,greedy,75,1.2366509879463274,0.7066577073979013,75,75,0.0,0.9999999999999948,False,0.0037696361541748047,3.0.0
4,5,15,3,45,rls,75,1.2366509879463274,0.7066577073979013,75,75,0.0,0.999999999999995,False,8.848720073699951,3.0.0
4,5,15,3,45,sa,75,1.2366509879463274,0.7066577073979013,75,75,0.0,0.9999999999999948,False,2.981757164001465,3.0.0
4,5,15,3,45,ga,75,1.2366509879463274,0.7066577073979013,75,75,0.0,0.9999999999999948,False,19.71845293045044,3.0.0
4,5,15,4,46,greedy,75,1.674178958638939,0.9566736906508223,75,75,0.0,0.9999999999999948,False,0.0030095577239990234,3.0.0
4,5,15,4,46,rls,75,1.674178958638939,0.9566736906508223,75,75,0.0,0.9999999999999948,False,9.260833501815796,3.0.0
4,5,15,4,46,sa,75,1.674178958638939,0.9566736906508223,75,75,0.0,0.9999999999999948,False,2.946382761001587,3.0.0
4,5,15,4,46,ga,75,1.674178958638939,0.9566736906508223,75,75,0.0,0.9999999999999948,False,9.602308511734009,3.0.0
4,5,15,5,47,greedy,75,1.5137284490894145,0.8649876851939512,75,75,0.0,0.9999999999999952,False,0.0026886463165283203,3.0.0
4,5,15,5,47,rls,75,1.5137284490894145,0.8649876851939512,75,75,0.0,0.9999999999999952,False,7.5378077030181885,3.0.0
4,5,15,5,47,sa,75,1.5137284490894145,0.8649876851939512,75,75,0.0,0.9999999999999952,False,3.236079454421997,3.0.0
4,5,15,5,47,ga,75,1.5137284490894145,0.8649876851939512,75,75,0.0,0.9999999999999952,False,12.00901985168457,3.0.0
4,5,15,6,48,greedy,75,1.638101745759434,0.9360581404339623,75,75,0.0,0.9999999999999961,False,0.0019998550415039062,3.0.0
4,5,15,6,48,rls,75,1.638101745759434,0.9360581404339623,75,75,0.0,0.9999999999999966,False,10.867762804031372,3.0.0
4,5,15,6,48,sa,75,1.638101745759434,0.9360581404339623,75,79,-0.05333333333333323,0.9999999999999966,False,4.323157548904419,3.0.0
4,5,15,6,48,ga,75,1.638101745759434,0.9360581404339623,75,75,0.0,0.9999999999999966,False,9.554558515548706,3.0.0
4,5,15,7,49,greedy,75,0.937657643469487,0.5358043676968497,75,75,0.0,0.9999999999999959,False,0.0029976367950439453,3.0.0
4,5,15,7,49,rls,75,0.937657643469487,0.5358043676968497,75,75,0.0,0.9999999999999961,False,9.479260206222534,3.0.0
4,5,15,7,49,sa,75,0.937657643469487,0.5358043676968497,75,77,-0.026666666666666616,0.9999999999999961,False,4.237817049026489,3.0.0
4,5,15,7,49,ga,75,0.937657643469487,0.5358043676968497,75,75,0.0,0.9999999999999961,False,10.42149019241333,3.0.0
4,5,15,8,50,greedy,75,1.5933364667074073,0.9104779809756612,75,75,0.0,0.9999999999999944,False,0.0029973983764648438,3.0.0
4,5,15,8,50,rls,75,1.5933364667074073,0.9104779809756612,75,75,0.0,0.9999999999999948,False,7.852980375289917,3.0.0
4,5,15,8,50,sa,75,1.5933364667074073,0.9104779809756612,75,75,0.0,0.9999999999999948,False,3.8320224285125732,3.0.0
4,5,15,8,50,ga,75,1.5933364667074073,0.9104779809756612,75,75,0.0,0.9999999999999948,False,9.76070523262024,3.0.0
4,5,15,9,51,greedy,75,1.4676486589002364,0.8386563765144208,75,75,0.0,0.9999999999999944,False,0.0015697479248046875,3.0.0
4,5,15,9,51,rls,75,1.4676486589002364,0.8386563765144208,75,75,0.0,0.9999999999999944,False,9.726088762283325,3.0.0
4,5,15,9,51,sa,75,1.4676486589002364,0.8386563765144208,75,75,0.0,0.9999999999999944,False,3.675882577896118,3.0.0
4,5,15,9,51,ga,75,1.4676486589002364,0.8386563765144208,75,75,0.0,0.9999999999999944,False,8.296486854553223,3.0.0
4,5,15,10,52,greedy,75,0.6083726587122836,0.3476415192641621,75,75,0.0,0.999999999999992,False,0.0017910003662109375,3.0.0
4,5,15,10,52,rls,75,0.6083726587122836,0.3476415192641621,75,75,0.0,0.9999999999999922,False,7.47853422164917,3.0.0
4,5,15,10,52,sa,75,0.6083726587122836,0.3476415192641621,75,75,0.0,0.9999999999999922,False,2.7146172523498535,3.0.0
4,5,15,10,52,ga,75,0.6083726587122836,0.3476415192641621,75,75,0.0,0.9999999999999922,False,7.440444469451904,3.0.0
4,5,15,11,53,greedy,75,1.4237638678912563,0.8135793530807179,75,75,0.0,0.9999999999999948,False,0.0015718936920166016,3.0.0
4,5,15,11,53,rls,75,1.4237638678912563,0.8135793530807179,75,75,0.0,0.9999999999999952,False,6.56299901008606,3.0.0
4,5,15,11,53,sa,75,1.4237638678912563,0.8135793530807179,75,77,-0.026666666666666616,0.999999999999995,False,2.1759705543518066,3.0.0
4,5,15,11,53,ga,75,1.4237638678912563,0.8135793530807179,75,75,0.0,0.999999999999995,False,6.283486366271973,3.0.0
4,5,15,12,54,greedy,75,1.3642299497564132,0.7795599712893789,75,75,0.0,0.9999999999999948,False,0.0026755332946777344,3.0.0
4,5,15,12,54,rls,75,1.3642299497564132,0.7795599712893789,75,75,0.0,0.999999999999995,False,5.108680009841919,3.0.0
4,5,15,12,54,sa,75,1.3642299497564132,0.7795599712893789,75,75,0.0,0.9999999999999948,False,1.9708776473999023,3.0.0
4,5,15,12,54,ga,75,1.3642299497564132,0.7795599712893789,75,75,0.0,0.999999999999995,False,6.194263696670532,3.0.0
4,5,15,13,55,greedy,75,1.7516699721181876,1.0009542697818214,75,75,0.0,0.9999999999999948,False,0.002531290054321289,3.0.0
4,5,15,13,55,rls,75,1.7516699721181876,1.0009542697818214,75,75,0.0,0.9999999999999948,False,4.4668872356414795,3.0.0
4,5,15,13,55,sa,75,1.7516699721181876,1.0009542697818214,75,75,0.0,0.9999999999999948,False,1.8432772159576416,3.0.0
4,5,15,13,55,ga,75,1.7516699721181876,1.0009542697818214,75,74,0.013333333333333308,0.9996972637642532,False,5.290588617324829,3.0.0
4,5,15,14,56,greedy,75,1.254852796201039,0.7170587406863079,75,75,0.0,0.9999999999999901,False,0.0016031265258789062,3.0.0
4,5,15,14,56,rls,75,1.254852796201039,0.7170587406863079,75,75,0.0,0.9999999999999908,False,5.518232345581055,3.0.0
4,5,15,14,56,sa,75,1.254852796201039,0.7170587406863079,75,77,-0.026666666666666616,0.9999999999999908,False,1.7311677932739258,3.0.0
4,5,15,14,56,ga,75,1.254852796201039,0.7170587406863079,75,77,-0.026666666666666616,0.9999999999999903,False,5.325764179229736,3.0.0
4,5,15,15,57,greedy,75,0.08227347515459035,0.04701341437405163,75,75,0.0,0.9999999999999942,False,0.0014712810516357422,3.0.0
4,5,15,15,57,rls,75,0.08227347515459035,0.04701341437405163,75,75,0.0,0.9999999999999944,False,5.596832990646362,3.0.0
4,5,15,15,57,sa,75,0.08227347515459035,0.04701341437405163,75,75,0.0,0.9999999999999944,False,1.8474059104919434,3.0.0
4,5,15,15,57,ga,75,0.08227347515459035,0.04701341437405163,75,75,0.0,0.9999999999999942,False,6.0404157638549805,3.0.0
4,5,15,16,58,greedy,75,0.8121336095013101,0.4640763482864629,75,75,0.0,0.9999999999999936,False,0.0019991397857666016,3.0.0
4,5,15,16,58,rls,75,0.8121336095013101,0.4640763482864629,75,75,0.0,0.9999999999999944,False,5.301238059997559,3.0.0
4,5,15,16,58,sa,75,0.8121336095013101,0.4640763482864629,75,75,0.0,0.999999999999994,False,1.8784046173095703,3.0.0
4,5,15,16,58,ga,75,0.8121336095013101,0.4640763482864629,75,75,0.0,0.999999999999994,False,6.192942380905151,3.0.0
4,5,15,17,59,greedy,75,1.1086431951358642,0.6335103972204938,75,75,0.0,0.9999999999999948,False,0.0021142959594726562,3.0.0
4,5,15,17,59,rls,75,1.1086431951358642,0.6335103972204938,75,75,0.0,0.9999999999999948,False,4.793106317520142,3.0.0
4,5,15,17,59,sa,75,1.1086431951358642,0.6335103972204938,75,75,0.0,0.9999999999999948,False,1.7866578102111816,3.0.0
4,5,15,17,59,ga,75,1.1086431951358642,0.6335103972204938,75,75,0.0,0.9999999999999948,False,5.706072568893433,3.0.0
4,5,15,18,60,greedy,75,1.4165159164848238,0.8094376665627564,75,75,0.0,0.9999999999999961,False,0.0020678043365478516,3.0.0
4,5,15,18,60,rls,75,1.4165159164848238,0.8094376665627564,75,75,0.0,0.9999999999999961,False,4.896242141723633,3.0.0
4,5,15,18,60,sa,75,1.4165159164848238,0.8094376665627564,75,75,0.0,0.9999999999999961,False,1.9399490356445312,3.0.0
4,5,15,18,60,ga,75,1.4165159164848238,0.8094376665627564,75,75,0.0,0.9999999999999961,False,7.29905891418457,3.0.0
4,5,15,19,61,greedy,75,0.9078310091281482,0.5187605766446561,75,75,0.0,0.9999999999999952,False,0.002512693405151367,3.0.0
4,5,15,19,61,rls,75,0.9078310091281482,0.5187605766446561,75,75,0.0,0.9999999999999954,False,6.049279689788818,3.0.0
4,5,15,19,61,sa,75,0.9078310091281482,0.5187605766446561,75,75,0.0,0.9999999999999952,False,4.945213794708252,3.0.0
4,5,15,19,61,ga,75,0.9078310091281482,0.5187605766446561,75,74,0.013333333333333308,0.9981205583400073,False,14.710361003875732,3.0.0
4,5,15,20,62,greedy,75,1.6958500136572727,0.9690571506612987,75,75,0.0,0.9999999999999948,False,0.0025129318237304688,3.0.0
4,5,15,20,62,rls,75,1.6958500136572727,0.9690571506612987,75,75,0.0,0.9999999999999948,False,10.961522102355957,3.0.0
4,5,15,20,62,sa,75,1.6958500136572727,0.9690571506612987,75,75,0.0,0.9999999999999948,False,4.899439811706543,3.0.0
4,5,15,20,62,ga,75,1.6958500136572727,0.9690571506612987,75,75,0.0,0.9999999999999948,False,23.784120798110962,3.0.0
4,5,15,21,63,greedy,75,1.3172791887886162,0.7527309650220664,75,75,0.0,0.9999999999999959,False,0.004732370376586914,3.0.0
4,5,15,21,63,rls,75,1.3172791887886162,0.7527309650220664,75,75,0.0,0.9999999999999961,False,11.125824689865112,3.0.0
4,5,15,21,63,sa,75,1.3172791887886162,0.7527309650220664,75,79,-0.05333333333333323,0.9999999999999961,False,3.8462231159210205,3.0.0
4,5,15,21,63,ga,75,1.3172791887886162,0.7527309650220664,75,77,-0.026666666666666616,0.9999999999999961,False,10.794568300247192,3.0.0
4,5,15,22,64,greedy,75,1.6870784312016092,0.9640448178294909,75,75,0.0,0.9999999999999927,False,0.0026962757110595703,3.0.0
4,5,15,22,64,rls,75,1.6870784312016092,0.9640448178294909,75,75,0.0,0.9999999999999927,False,12.257513523101807,3.0.0
4,5,15,22,64,sa,75,1.6870784312016092,0.9640448178294909,75,77,-0.026666666666666616,0.9999999999999929,False,4.798722743988037,3.0.0
4,5,15,22,64,ga,75,1.6870784312016092,0.9640448178294909,75,75,0.0,0.9999999999999927,False,13.942810535430908,3.0.0
4,5,15,23,65,greedy,75,0.9057338844400412,0.5175622196800236,75,75,0.0,0.9999999999999957,False,0.0035140514373779297,3.0.0
4,5,15,23,65,rls,75,0.9057338844400412,0.5175622196800236,75,75,0.0,0.9999999999999961,False,7.806302309036255,3.0.0
4,5,15,23,65,sa,75,0.9057338844400412,0.5175622196800236,75,77,-0.026666666666666616,0.9999999999999959,False,2.1205646991729736,3.0.0
4,5,15,23,65,ga,75,0.9057338844400412,0.5175622196800236,75,75,0.0,0.9999999999999959,False,6.316875457763672,3.0.0
4,5,15,24,66,greedy,75,1.676550399722129,0.9580287998412166,75,75,0.0,0.9999999999999982,False,0.002005338668823242,3.0.0
4,5,15,24,66,rls,75,1.676550399722129,0.9580287998412166,75,75,0.0,0.9999999999999982,False,5.348462820053101,3.0.0
4,5,15,24,66,sa,75,1.676550399722129,0.9580287998412166,75,75,0.0,0.9999999999999982,False,2.1842105388641357,3.0.0
4,5,15,24,66,ga,75,1.676550399722129,0.9580287998412166,75,75,0.0,0.9999999999999982,False,8.086260557174683,3.0.0
4,5,15,25,67,greedy,75,0.6182225001099395,0.35327000006282255,75,75,0.0,0.9999999999999948,False,0.0019986629486083984,3.0.0
4,5,15,25,67,rls,75,0.6182225001099395,0.35327000006282255,75,75,0.0,0.9999999999999948,False,5.8931965827941895,3.0.0
4,5,15,25,67,sa,75,0.6182225001099395,0.35327000006282255,75,75,0.0,0.9999999999999948,False,2.426642417907715,3.0.0
4,5,15,25,67,ga,75,0.6182225001099395,0.35327000006282255,75,75,0.0,0.9999999999999948,False,7.008109092712402,3.0.0
4,5,15,26,68,greedy,75,1.3213043652764105,0.7550310658722346,75,75,0.0,0.9999999999999954,False,0.0031409263610839844,3.0.0
4,5,15,26,68,rls,75,1.3213043652764105,0.7550310658722346,75,75,0.0,0.9999999999999957,False,5.475987672805786,3.0.0
4,5,15,26,68,sa,75,1.3213043652764105,0.7550310658722346,75,75,0.0,0.9999999999999957,False,2.379671573638916,3.0.0
4,5,15,26,68,ga,75,1.3213043652764105,0.7550310658722346,75,75,0.0,0.9999999999999957,False,5.9473960399627686,3.0.0
4,5,15,27,69,greedy,75,1.28665262401455,0.7352300708654571,75,75,0.0,0.9999999999999931,False,0.0010139942169189453,3.0.0
4,5,15,27,69,rls,75,1.28665262401455,0.7352300708654571,75,75,0.0,0.9999999999999936,False,4.532265663146973,3.0.0
4,5,15,27,69,sa,75,1.28665262401455,0.7352300708654571,75,79,-0.05333333333333323,0.9999999999999936,False,1.9809632301330566,3.0.0
4,5,15,27,69,ga,75,1.28665262401455,0.7352300708654571,75,77,-0.026666666666666616,0.9999999999999936,False,9.960018873214722,3.0.0
4,5,15,28,70,greedy,75,0.004852488937339474,0.002772850821336842,75,75,0.0,0.9999999999999961,False,0.0021305084228515625,3.0.0
4,5,15,28,70,rls,75,0.004852488937339474,0.002772850821336842,75,75,0.0,0.9999999999999963,False,6.514610767364502,3.0.0
4,5,15,28,70,sa,75,0.004852488937339474,0.002772850821336842,75,75,0.0,0.9999999999999961,False,2.1501216888427734,3.0.0
4,5,15,28,70,ga,75,0.004852488937339474,0.002772850821336842,75,75,0.0,0.9999999999999961,False,6.185198068618774,3.0.0
4,5,15,29,71,greedy,75,0.9992228034397006,0.5709844591084003,75,75,0.0,0.9999999999999918,False,0.0022706985473632812,3.0.0
4,5,15,29,71,rls,75,0.9992228034397006,0.5709844591084003,75,75,0.0,0.9999999999999922,False,4.75232720375061,3.0.0
4,5,15,29,71,sa,75,0.9992228034397006,0.5709844591084003,75,75,0.0,0.9999999999999922,False,2.3895576000213623,3.0.0
4,5,15,29,71,ga,75,0.9992228034397006,0.5709844591084003,75,75,0.0,0.9999999999999922,False,6.47379994392395,3.0.0
4,5,15,30,72,greedy,75,1.0928890175089643,0.6245080100051225,75,75,0.0,0.9999999999999918,False,0.003091573715209961,3.0.0
4,5,15,30,72,rls,75,1.0928890175089643,0.6245080100051225,75,75,0.0,0.9999999999999918,False,5.424726724624634,3.0.0
4,5,15,30,72,sa,75,1.0928890175089643,0.6245080100051225,75,75,0.0,0.9999999999999918,False,2.0672950744628906,3.0.0
4,5,15,30,72,ga,75,1.0928890175089643,0.6245080100051225,75,75,0.0,0.9999999999999918,False,5.803979158401489,3.0.0
4,5,15,31,73,greedy,75,1.542803803975082,0.8816021737000469,75,75,0.0,0.9999999999999944,False,0.0009984970092773438,3.0.0
4,5,15,31,73,rls,75,1.542803803975082,0.8816021737000469,75,75,0.0,0.9999999999999944,False,5.052813529968262,3.0.0
4,5,15,31,73,sa,75,1.542803803975082,0.8816021737000469,75,75,0.0,0.9999999999999944,False,2.083852767944336,3.0.0
4,5,15,31,73,ga,75,1.542803803975082,0.8816021737000469,75,75,0.0,0.9999999999999944,False,6.721391916275024,3.0.0
4,5,15,32,74,greedy,75,0.5916627764215089,0.3380930150980051,75,75,0.0,0.999999999999994,False,0.003082752227783203,3.0.0
4,5,15,32,74,rls,75,0.5916627764215089,0.3380930150980051,75,75,0.0,0.9999999999999944,False,7.066057920455933,3.0.0
4,5,15,32,74,sa,75,0.5916627764215089,0.3380930150980051,75,77,-0.026666666666666616,0.9999999999999944,False,2.23220157623291,3.0.0
4,5,15,32,74,ga,75,0.5916627764215089,0.3380930150980051,75,77,-0.026666666666666616,0.9999999999999944,False,5.814126491546631,3.0.0
4,5,15,33,75,greedy,75,1.517921963368415,0.8673839790676656,75,75,0.0,0.9999999999999931,False,0.002236604690551758,3.0.0
4,5,15,33,75,rls,75,1.517921963368415,0.8673839790676656,75,75,0.0,0.9999999999999933,False,5.883061408996582,3.0.0
4,5,15,33,75,sa,75,1.517921963368415,0.8673839790676656,75,75,0.0,0.9999999999999931,False,2.1412997245788574,3.0.0
4,5,15,33,75,ga,75,1.517921963368415,0.8673839790676656,75,75,0.0,0.9999999999999933,False,6.278676986694336,3.0.0
4,5,15,34,76,greedy,75,1.0000000000000013,0.5714285714285722,75,75,0.0,0.9999999999999936,False,0.0027904510498046875,3.0.0
4,5,15,34,76,rls,75,1.0000000000000013,0.5714285714285722,75,75,0.0,0.999999999999994,False,7.705182313919067,3.0.0
4,5,15,34,76,sa,75,1.0000000000000013,0.5714285714285722,75,81,-0.08000000000000007,0.999999999999994,False,2.075204610824585,3.0.0
4,5,15,34,76,ga,75,1.0000000000000013,0.5714285714285722,75,75,0.0,0.9999999999999936,False,5.7570977210998535,3.0.0
4,5,15,35,77,greedy,75,1.717384979570024,0.9813628454685851,75,75,0.0,0.9999999999999944,False,0.0019812583923339844,3.0.0
4,5,15,35,77,rls,75,1.717384979570024,0.9813628454685851,75,75,0.0,0.9999999999999944,False,5.16611909866333,3.0.0
4,5,15,35,77,sa,75,1.717384979570024,0.9813628454685851,75,87,-0.15999999999999992,0.9999999999999947,False,2.171847343444824,3.0.0
4,5,15,35,77,ga,75,1.717384979570024,0.9813628454685851,75,75,0.0,0.9999999999999944,False,6.261990785598755,3.0.0
4,5,15,36,78,greedy,75,0.8298679239962434,0.4742102422835677,75,75,0.0,0.9999999999999931,False,0.002390146255493164,3.0.0
4,5,15,36,78,rls,75,0.8298679239962434,0.4742102422835677,75,75,0.0,0.9999999999999931,False,5.11725115776062,3.0.0
4,5,15,36,78,sa,75,0.8298679239962434,0.4742102422835677,75,75,0.0,0.9999999999999931,False,2.2898457050323486,3.0.0
4,5,15,36,78,ga,75,0.8298679239962434,0.4742102422835677,75,75,0.0,0.9999999999999931,False,5.849106311798096,3.0.0
4,5,15,37,79,greedy,75,1.2855755414768866,0.7346145951296494,75,75,0.0,0.9999999999999931,False,0.0021102428436279297,3.0.0
4,5,15,37,79,rls,75,1.2855755414768866,0.7346145951296494,75,75,0.0,0.9999999999999931,False,4.888200998306274,3.0.0
4,5,15,37,79,sa,75,1.2855755414768866,0.7346145951296494,75,75,0.0,0.9999999999999931,False,2.2240586280822754,3.0.0
4,5,15,37,79,ga,75,1.2855755414768866,0.7346145951296494,75,75,0.0,0.9999999999999931,False,6.053479433059692,3.0.0
4,5,15,38,80,greedy,75,1.8872623945026392,1.078435654001508,75,75,0.0,0.9999999999999944,False,0.0015616416931152344,3.0.0
4,5,15,38,80,rls,75,1.8872623945026392,1.078435654001508,75,75,0.0,0.9999999999999948,False,5.075024843215942,3.0.0
4,5,15,38,80,sa,75,1.8872623945026392,1.078435654001508,75,75,0.0,0.9999999999999948,False,1.9910905361175537,3.0.0
4,5,15,38,80,ga,75,1.8872623945026392,1.078435654001508,75,75,0.0,0.9999999999999948,False,6.058784008026123,3.0.0
4,5,15,39,81,greedy,75,0.9867891758307961,0.5638795290461692,75,75,0.0,0.9999999999999947,False,0.0021369457244873047,3.0.0
4,5,15,39,81,rls,75,0.9867891758307961,0.5638795290461692,75,75,0.0,0.9999999999999948,False,4.949483156204224,3.0.0
4,5,15,39,81,sa,75,0.9867891758307961,0.5638795290461692,75,75,0.0,0.9999999999999947,False,1.858358383178711,3.0.0
4,5,15,39,81,ga,75,0.9867891758307961,0.5638795290461692,75,75,0.0,0.9999999999999948,False,6.035975933074951,3.0.0
4,5,15,40,82,greedy,75,1.3864495743884135,0.792256899650522,75,75,0.0,0.9999999999999952,False,0.0022094249725341797,3.0.0
4,5,15,40,82,rls,75,1.3864495743884135,0.792256899650522,75,75,0.0,0.9999999999999957,False,5.247338533401489,3.0.0
4,5,15,40,82,sa,75,1.3864495743884135,0.792256899650522,75,81,-0.08000000000000007,0.9999999999999957,False,2.1077919006347656,3.0.0
4,5,15,40,82,ga,75,1.3864495743884135,0.792256899650522,75,75,0.0,0.9999999999999957,False,6.0054779052734375,3.0.0
4,5,15,41,83,greedy,75,0.0970661815256071,0.055466389443204055,75,75,0.0,0.9999999999999936,False,0.001573324203491211,3.0.0
4,5,15,41,83,rls,75,0.0970661815256071,0.055466389443204055,75,75,0.0,0.9999999999999936,False,4.8309807777404785,3.0.0
4,5,15,41,83,sa,75,0.0970661815256071,0.055466389443204055,75,75,0.0,0.9999999999999936,False,1.9110524654388428,3.0.0
4,5,15,41,83,ga,75,0.0970661815256071,0.055466389443204055,75,75,0.0,0.9999999999999936,False,6.064101934432983,3.0.0
4,5,15,42,84,greedy,75,0.6817887724055358,0.38959358423173474,75,75,0.0,0.9999999999999936,False,0.0016245841979980469,3.0.0
4,5,15,42,84,rls,75,0.6817887724055358,0.38959358423173474,75,75,0.0,0.999999999999994,False,5.954452991485596,3.0.0
4,5,15,42,84,sa,75,0.6817887724055358,0.38959358423173474,75,77,-0.026666666666666616,0.999999999999994,False,2.1340749263763428,3.0.0
4,5,15,42,84,ga,75,0.6817887724055358,0.38959358423173474,75,75,0.0,0.9999999999999936,False,9.006304740905762,3.0.0
4,5,15,43,85,greedy,75,0.9456305626381479,0.5403603215075131,75,75,0.0,0.9999999999999948,False,0.001996755599975586,3.0.0
4,5,15,43,85,rls,75,0.9456305626381479,0.5403603215075131,75,75,0.0,0.9999999999999948,False,6.057526111602783,3.0.0
4,5,15,43,85,sa,75,0.9456305626381479,0.5403603215075131,75,75,0.0,0.9999999999999948,False,2.3532261848449707,3.0.0
4,5,15,43,85,ga,75,0.9456305626381479,0.5403603215075131,75,75,0.0,0.9999999999999948,False,7.1092610359191895,3.0.0
4,5,15,44,86,greedy,75,0.8491516300849136,0.4852295029056649,75,75,0.0,0.9999999999999913,False,0.0015408992767333984,3.0.0
4,5,15,44,86,rls,75,0.8491516300849136,0.4852295029056649,75,75,0.0,0.9999999999999913,False,6.550211668014526,3.0.0
4,5,15,44,86,sa,75,0.8491516300849136,0.4852295029056649,75,75,0.0,0.9999999999999913,False,3.294267416000366,3.0.0
4,5,15,44,86,ga,75,0.8491516300849136,0.4852295029056649,75,75,0.0,0.9999999999999913,False,9.094479322433472,3.0.0
4,5,15,45,87,greedy,75,1.5653265410816104,0.8944723091894916,75,75,0.0,0.9999999999999952,False,0.002984285354614258,3.0.0
4,5,15,45,87,rls,75,1.5653265410816104,0.8944723091894916,75,75,0.0,0.9999999999999957,False,7.771368503570557,3.0.0
4,5,15,45,87,sa,75,1.5653265410816104,0.8944723091894916,75,81,-0.08000000000000007,0.9999999999999957,False,2.7157742977142334,3.0.0
4,5,15,45,87,ga,75,1.5653265410816104,0.8944723091894916,75,75,0.0,0.9999999999999952,False,9.615485906600952,3.0.0
4,5,15,46,88,greedy,75,0.9464349024934264,0.540819944281958,75,75,0.0,0.9999999999999908,False,0.001999378204345703,3.0.0
4,5,15,46,88,rls,75,0.9464349024934264,0.540819944281958,75,75,0.0,0.9999999999999908,False,5.93906831741333,3.0.0
4,5,15,46,88,sa,75,0.9464349024934264,0.540819944281958,75,75,0.0,0.9999999999999908,False,2.5122132301330566,3.0.0
4,5,15,46,88,ga,75,0.9464349024934264,0.540819944281958,75,75,0.0,0.9999999999999908,False,6.2112627029418945,3.0.0
4,5,15,47,89,greedy,75,1.1540238227797923,0.6594421844455957,75,75,0.0,0.999999999999994,False,0.0009963512420654297,3.0.0
4,5,15,47,89,rls,75,1.1540238227797923,0.6594421844455957,75,75,0.0,0.9999999999999942,False,6.536295652389526,3.0.0
4,5,15,47,89,sa,75,1.1540238227797923,0.6594421844455957,75,79,-0.05333333333333323,0.9999999999999942,False,2.247990131378174,3.0.0
4,5,15,47,89,ga,75,1.1540238227797923,0.6594421844455957,75,75,0.0,0.999999999999994,False,7.013719320297241,3.0.0
4,5,15,48,90,greedy,75,1.5442918778821833,0.8824525016469619,75,75,0.0,0.9999999999999948,False,0.001505136489868164,3.0.0
4,5,15,48,90,rls,75,1.5442918778821833,0.8824525016469619,75,75,0.0,0.9999999999999948,False,5.415809631347656,3.0.0
4,5,15,48,90,sa,75,1.5442918778821833,0.8824525016469619,75,75,0.0,0.9999999999999948,False,2.297572135925293,3.0.0
4,5,15,48,90,ga,75,1.5442918778821833,0.8824525016469619,75,75,0.0,0.9999999999999948,False,6.646723508834839,3.0.0
4,5,15,49,91,greedy,75,0.5756068428614267,0.3289181959208153,75,75,0.0,0.9999999999999936,False,0.0023102760314941406,3.0.0
4,5,15,49,91,rls,75,0.5756068428614267,0.3289181959208153,75,75,0.0,0.9999999999999938,False,5.6230292320251465,3.0.0
4,5,15,49,91,sa,75,0.5756068428614267,0.3289181959208153,75,75,0.0,0.9999999999999936,False,2.2410435676574707,3.0.0
4,5,15,49,91,ga,75,0.5756068428614267,0.3289181959208153,75,75,0.0,0.9999999999999938,False,6.736130237579346,3.0.0
4,5,15,50,92,greedy,75,0.4532185038128711,0.2589820021787835,75,75,0.0,0.999999999999995,False,0.0035245418548583984,3.0.0
4,5,15,50,92,rls,75,0.4532185038128711,0.2589820021787835,75,75,0.0,0.999999999999995,False,5.533372163772583,3.0.0
4,5,15,50,92,sa,75,0.4532185038128711,0.2589820021787835,75,75,0.0,0.999999999999995,False,2.2305686473846436,3.0.0
4,5,15,50,92,ga,75,0.4532185038128711,0.2589820021787835,75,75,0.0,0.999999999999995,False,6.564883232116699,3.0.0
4,5,15,51,93,greedy,75,1.398496168872632,0.7991406679272183,75,75,0.0,0.9999999999999942,False,0.0020852088928222656,3.0.0
4,5,15,51,93,rls,75,1.398496168872632,0.7991406679272183,75,75,0.0,0.9999999999999948,False,5.897312164306641,3.0.0
4,5,15,51,93,sa,75,1.398496168872632,0.7991406679272183,75,83,-0.10666666666666669,0.9999999999999947,False,2.277567148208618,3.0.0
4,5,15,51,93,ga,75,1.398496168872632,0.7991406679272183,75,77,-0.026666666666666616,0.9999999999999944,False,7.051726579666138,3.0.0
4,5,15,52,94,greedy,75,0.5087448142637624,0.29071132243643566,75,75,0.0,0.9999999999999922,False,0.002500772476196289,3.0.0
4,5,15,52,94,rls,75,0.5087448142637624,0.29071132243643566,75,75,0.0,0.9999999999999925,False,7.912312030792236,3.0.0
4,5,15,52,94,sa,75,0.5087448142637624,0.29071132243643566,75,75,0.0,0.9999999999999922,False,2.2464475631713867,3.0.0
4,5,15,52,94,ga,75,0.5087448142637624,0.29071132243643566,75,75,0.0,0.9999999999999922,False,8.324563980102539,3.0.0
4,5,15,53,95,greedy,75,1.2989238128940128,0.7422421787965787,75,75,0.0,0.9999999999999966,False,0.0025098323822021484,3.0.0
4,5,15,53,95,rls,75,1.2989238128940128,0.7422421787965787,75,75,0.0,0.999999999999997,False,7.919660329818726,3.0.0
4,5,15,53,95,sa,75,1.2989238128940128,0.7422421787965787,75,85,-0.1333333333333333,0.999999999999997,False,2.0709874629974365,3.0.0
4,5,15,53,95,ga,75,1.2989238128940128,0.7422421787965787,75,75,0.0,0.9999999999999966,False,7.319000482559204,3.0.0
4,5,15,54,96,greedy,75,0.8052297789071156,0.4601313022326375,75,75,0.0,0.999999999999994,False,0.00200653076171875,3.0.0
4,5,15,54,96,rls,75,0.8052297789071156,0.4601313022326375,75,75,0.0,0.999999999999994,False,5.175481796264648,3.0.0
4,5,15,54,96,sa,75,0.8052297789071156,0.4601313022326375,75,75,0.0,0.999999999999994,False,2.242570400238037,3.0.0
4,5,15,54,96,ga,75,0.8052297789071156,0.4601313022326375,75,75,0.0,0.999999999999994,False,6.935576677322388,3.0.0
4,5,15,55,97,greedy,75,0.9638162746322975,0.5507521569327414,75,75,0.0,0.9999999999999933,False,0.0020074844360351562,3.0.0
4,5,15,55,97,rls,75,0.9638162746322975,0.5507521569327414,75,75,0.0,0.9999999999999936,False,5.16081976890564,3.0.0
4,5,15,55,97,sa,75,0.9638162746322975,0.5507521569327414,75,75,0.0,0.9999999999999936,False,2.0968332290649414,3.0.0
4,5,15,55,97,ga,75,0.9638162746322975,0.5507521569327414,75,75,0.0,0.9999999999999936,False,6.233190536499023,3.0.0
4,5,15,56,98,greedy,75,1.671289740559843,0.9550227088913389,75,75,0.0,0.9999999999999948,False,0.003789663314819336,3.0.0
4,5,15,56,98,rls,75,1.671289740559843,0.9550227088913389,75,75,0.0,0.9999999999999952,False,6.574437141418457,3.0.0
4,5,15,56,98,sa,75,1.671289740559843,0.9550227088913389,75,77,-0.026666666666666616,0.999999999999995,False,1.9842145442962646,3.0.0
4,5,15,56,98,ga,75,1.671289740559843,0.9550227088913389,75,75,0.0,0.9999999999999948,False,6.05034613609314,3.0.0
4,5,15,57,99,greedy,75,1.516184665156121,0.8663912372320691,75,75,0.0,0.9999999999999944,False,0.0029103755950927734,3.0.0
4,5,15,57,99,rls,75,1.516184665156121,0.8663912372320691,75,75,0.0,0.9999999999999944,False,4.8015546798706055,3.0.0
4,5,15,57,99,sa,75,1.516184665156121,0.8663912372320691,75,75,0.0,0.9999999999999944,False,1.9975526332855225,3.0.0
4,5,15,57,99,ga,75,1.516184665156121,0.8663912372320691,75,75,0.0,0.9999999999999944,False,6.110102415084839,3.0.0
4,5,15,58,100,greedy,75,1.1788745908437233,0.6736426233392704,75,75,0.0,0.999999999999994,False,0.0019068717956542969,3.0.0
4,5,15,58,100,rls,75,1.1788745908437233,0.6736426233392704,75,75,0.0,0.9999999999999942,False,5.867891788482666,3.0.0
4,5,15,58,100,sa,75,1.1788745908437233,0.6736426233392704,75,75,0.0,0.9999999999999942,False,2.4698970317840576,3.0.0
4,5,15,58,100,ga,75,1.1788745908437233,0.6736426233392704,75,74,0.013333333333333308,0.994724329785195,False,6.539170026779175,3.0.0
4,5,15,59,101,greedy,75,1.1095144120461646,0.6340082354549512,75,75,0.0,0.9999999999999961,False,0.003099679946899414,3.0.0
4,5,15,59,101,rls,75,1.1095144120461646,0.6340082354549512,75,75,0.0,0.9999999999999966,False,5.315296411514282,3.0.0
4,5,15,59,101,sa,75,1.1095144120461646,0.6340082354549512,75,75,0.0,0.9999999999999961,False,2.067009449005127,3.0.0
4,5,15,59,101,ga,75,1.1095144120461646,0.6340082354549512,75,75,0.0,0.9999999999999961,False,5.907295227050781,3.0.0
4,5,15,60,102,greedy,75,1.4948547780800183,0.854202730331439,75,75,0.0,0.9999999999999929,False,0.0016183853149414062,3.0.0
4,5,15,60,102,rls,75,1.4948547780800183,0.854202730331439,75,75,0.0,0.9999999999999931,False,4.772678852081299,3.0.0
4,5,15,60,102,sa,75,1.4948547780800183,0.854202730331439,75,75,0.0,0.9999999999999931,False,2.031785249710083,3.0.0
4,5,15,60,102,ga,75,1.4948547780800183,0.854202730331439,75,75,0.0,0.9999999999999931,False,5.914112091064453,3.0.0
4,5,15,61,103,greedy,75,1.0130647835999125,0.5788941620570929,75,75,0.0,0.999999999999994,False,0.0014405250549316406,3.0.0
4,5,15,61,103,rls,75,1.0130647835999125,0.5788941620570929,75,75,0.0,0.9999999999999944,False,5.855682373046875,3.0.0
4,5,15,61,103,sa,75,1.0130647835999125,0.5788941620570929,75,77,-0.026666666666666616,0.9999999999999942,False,2.1356444358825684,3.0.0
4,5,15,61,103,ga,75,1.0130647835999125,0.5788941620570929,75,75,0.0,0.999999999999994,False,5.90501594543457,3.0.0
4,5,15,62,104,greedy,75,1.2470895609412556,0.712622606252146,75,75,0.0,0.9999999999999942,False,0.001508474349975586,3.0.0
4,5,15,62,104,rls,75,1.2470895609412556,0.712622606252146,75,75,0.0,0.9999999999999944,False,5.227709531784058,3.0.0
4,5,15,62,104,sa,75,1.2470895609412556,0.712622606252146,75,75,0.0,0.9999999999999944,False,2.4031684398651123,3.0.0
4,5,15,62,104,ga,75,1.2470895609412556,0.712622606252146,75,75,0.0,0.9999999999999944,False,6.242922782897949,3.0.0
4,5,15,63,105,greedy,75,0.6596499761028809,0.3769428434873605,75,75,0.0,0.9999999999999931,False,0.0016078948974609375,3.0.0
4,5,15,63,105,rls,75,0.6596499761028809,0.3769428434873605,75,75,0.0,0.9999999999999931,False,4.850967884063721,3.0.0
4,5,15,63,105,sa,75,0.6596499761028809,0.3769428434873605,75,77,-0.026666666666666616,0.9999999999999933,False,2.0131583213806152,3.0.0
4,5,15,63,105,ga,75,0.6596499761028809,0.3769428434873605,75,75,0.0,0.9999999999999931,False,5.836457967758179,3.0.0
4,5,15,64,106,greedy,75,1.2997216676361045,0.7426980957920597,75,75,0.0,0.9999999999999936,False,0.002691030502319336,3.0.0
4,5,15,64,106,rls,75,1.2997216676361045,0.7426980957920597,75,75,0.0,0.999999999999994,False,5.541610240936279,3.0.0
4,5,15,64,106,sa,75,1.2997216676361045,0.7426980957920597,75,75,0.0,0.999999999999994,False,2.478766441345215,3.0.0
4,5,15,64,106,ga,75,1.2997216676361045,0.7426980957920597,75,75,0.0,0.999999999999994,False,6.254685640335083,3.0.0
4,5,15,65,107,greedy,75,1.0161483871419774,0.5806562212239871,75,75,0.0,0.9999999999999936,False,0.0020058155059814453,3.0.0
4,5,15,65,107,rls,75,1.0161483871419774,0.5806562212239871,75,75,0.0,0.9999999999999936,False,5.018282413482666,3.0.0
4,5,15,65,107,sa,75,1.0161483871419774,0.5806562212239871,75,75,0.0,0.9999999999999936,False,2.0856988430023193,3.0.0
4,5,15,65,107,ga,75,1.0161483871419774,0.5806562212239871,75,75,0.0,0.9999999999999936,False,6.125657796859741,3.0.0
4,5,15,66,108,greedy,75,1.6307921688319347,0.9318812393325341,75,75,0.0,0.9999999999999922,False,0.002012014389038086,3.0.0
4,5,15,66,108,rls,75,1.6307921688319347,0.9318812393325341,75,75,0.0,0.9999999999999927,False,5.086218595504761,3.0.0
4,5,15,66,108,sa,75,1.6307921688319347,0.9318812393325341,75,75,0.0,0.9999999999999927,False,1.9754290580749512,3.0.0
4,5,15,66,108,ga,75,1.6307921688319347,0.9318812393325341,75,75,0.0,0.9999999999999925,False,6.195996284484863,3.0.0
4,5,15,67,109,greedy,75,1.9279844293015298,1.1017053881723027,75,75,0.0,0.9999999999999933,False,0.0024170875549316406,3.0.0
4,5,15,67,109,rls,75,1.9279844293015298,1.1017053881723027,75,75,0.0,0.9999999999999936,False,5.016539573669434,3.0.0
4,5,15,67,109,sa,75,1.9279844293015298,1.1017053881723027,75,77,-0.026666666666666616,0.9999999999999936,False,1.990661382675171,3.0.0
4,5,15,67,109,ga,75,1.9279844293015298,1.1017053881723027,75,75,0.0,0.9999999999999936,False,6.246336221694946,3.0.0
4,5,15,68,110,greedy,75,1.0901703200333985,0.6229544685905134,75,75,0.0,0.9999999999999925,False,0.0021080970764160156,3.0.0
4,5,15,68,110,rls,75,1.0901703200333985,0.6229544685905134,75,75,0.0,0.9999999999999927,False,5.569721460342407,3.0.0
4,5,15,68,110,sa,75,1.0901703200333985,0.6229544685905134,75,75,0.0,0.9999999999999927,False,2.692272663116455,3.0.0
4,5,15,68,110,ga,75,1.0901703200333985,0.6229544685905134,75,75,0.0,0.9999999999999927,False,6.14886212348938,3.0.0
4,5,15,69,111,greedy,75,1.1338892470278603,0.6479367125873488,75,75,0.0,0.9999999999999922,False,0.0015110969543457031,3.0.0
4,5,15,69,111,rls,75,1.1338892470278603,0.6479367125873488,75,75,0.0,0.9999999999999927,False,6.776587009429932,3.0.0
4,5,15,69,111,sa,75,1.1338892470278603,0.6479367125873488,75,75,0.0,0.9999999999999927,False,2.336329698562622,3.0.0
4,5,15,69,111,ga,75,1.1338892470278603,0.6479367125873488,75,75,0.0,0.9999999999999927,False,6.5809948444366455,3.0.0
4,5,15,70,112,greedy,75,1.4793404421359693,0.8453373955062682,75,75,0.0,0.9999999999999954,False,0.0020012855529785156,3.0.0
4,5,15,70,112,rls,75,1.4793404421359693,0.8453373955062682,75,75,0.0,0.9999999999999959,False,5.7345664501190186,3.0.0
4,5,15,70,112,sa,75,1.4793404421359693,0.8453373955062682,75,75,0.0,0.9999999999999954,False,2.1676909923553467,3.0.0
4,5,15,70,112,ga,75,1.4793404421359693,0.8453373955062682,75,75,0.0,0.9999999999999954,False,6.352806568145752,3.0.0
4,5,15,71,113,greedy,75,1.553094665646247,0.8874826660835697,75,75,0.0,0.999999999999994,False,0.001997709274291992,3.0.0
4,5,15,71,113,rls,75,1.553094665646247,0.8874826660835697,75,75,0.0,0.999999999999994,False,5.194813966751099,3.0.0
4,5,15,71,113,sa,75,1.553094665646247,0.8874826660835697,75,75,0.0,0.999999999999994,False,2.2441604137420654,3.0.0
4,5,15,71,113,ga,75,1.553094665646247,0.8874826660835697,75,75,0.0,0.999999999999994,False,6.340830326080322,3.0.0
4,5,15,72,114,greedy,75,1.5435820291051439,0.882046873774368,75,75,0.0,0.9999999999999947,False,0.001535177230834961,3.0.0
4,5,15,72,114,rls,75,1.5435820291051439,0.882046873774368,75,75,0.0,0.9999999999999948,False,5.52259635925293,3.0.0
4,5,15,72,114,sa,75,1.5435820291051439,0.882046873774368,75,75,0.0,0.9999999999999948,False,2.4044291973114014,3.0.0
4,5,15,72,114,ga,75,1.5435820291051439,0.882046873774368,75,75,0.0,0.9999999999999947,False,6.30253267288208,3.0.0
4,5,15,73,115,greedy,75,0.6654088297861049,0.3802336170206314,75,75,0.0,0.9999999999999927,False,0.002652406692504883,3.0.0
4,5,15,73,115,rls,75,0.6654088297861049,0.3802336170206314,75,75,0.0,0.9999999999999931,False,6.47623872756958,3.0.0
4,5,15,73,115,sa,75,0.6654088297861049,0.3802336170206314,75,75,0.0,0.9999999999999929,False,2.3217554092407227,3.0.0
4,5,15,73,115,ga,75,0.6654088297861049,0.3802336170206314,75,75,0.0,0.9999999999999929,False,7.036475896835327,3.0.0
4,5,15,74,116,greedy,75,1.0527863625655094,0.601592207180291,75,75,0.0,0.9999999999999948,False,0.0021178722381591797,3.0.0
4,5,15,74,116,rls,75,1.0527863625655094,0.601592207180291,75,75,0.0,0.9999999999999948,False,5.705556392669678,3.0.0
4,5,15,74,116,sa,75,1.0527863625655094,0.601592207180291,75,75,0.0,0.999999999999995,False,2.363956928253174,3.0.0
4,5,15,74,116,ga,75,1.0527863625655094,0.601592207180291,75,75,0.0,0.9999999999999948,False,6.73021674156189,3.0.0
4,5,15,75,117,greedy,75,1.5673687509444674,0.8956392862539814,75,75,0.0,0.9999999999999952,False,0.0026314258575439453,3.0.0
4,5,15,75,117,rls,75,1.5673687509444674,0.8956392862539814,75,75,0.0,0.9999999999999954,False,5.426597595214844,3.0.0
4,5,15,75,117,sa,75,1.5673687509444674,0.8956392862539814,75,75,0.0,0.9999999999999954,False,2.0776612758636475,3.0.0
4,5,15,75,117,ga,75,1.5673687509444674,0.8956392862539814,75,75,0.0,0.9999999999999954,False,6.4558470249176025,3.0.0
4,5,15,76,118,greedy,75,1.232108325233657,0.7040619001335183,75,75,0.0,0.9999999999999954,False,0.0016021728515625,3.0.0
4,5,15,76,118,rls,75,1.232108325233657,0.7040619001335183,75,75,0.0,0.9999999999999957,False,5.658816814422607,3.0.0
4,5,15,76,118,sa,75,1.232108325233657,0.7040619001335183,75,75,0.0,0.9999999999999957,False,2.2071945667266846,3.0.0
4,5,15,76,118,ga,75,1.232108325233657,0.7040619001335183,75,75,0.0,0.9999999999999957,False,6.7058491706848145,3.0.0
4,5,15,77,119,greedy,75,0.7293193112792722,0.4167538921595841,75,75,0.0,0.9999999999999931,False,0.0024518966674804688,3.0.0
4,5,15,77,119,rls,75,0.7293193112792722,0.4167538921595841,75,75,0.0,0.9999999999999931,False,5.110842704772949,3.0.0
4,5,15,77,119,sa,75,0.7293193112792722,0.4167538921595841,75,75,0.0,0.9999999999999931,False,2.05615234375,3.0.0
4,5,15,77,119,ga,75,0.7293193112792722,0.4167538921595841,75,75,0.0,0.9999999999999931,False,6.391139984130859,3.0.0
4,5,15,78,120,greedy,75,1.0640446441263762,0.6080255109293579,75,75,0.0,0.9999999999999931,False,0.0020318031311035156,3.0.0
4,5,15,78,120,rls,75,1.0640446441263762,0.6080255109293579,75,75,0.0,0.9999999999999931,False,5.058139324188232,3.0.0
4,5,15,78,120,sa,75,1.0640446441263762,0.6080255109293579,75,75,0.0,0.9999999999999931,False,2.1707470417022705,3.0.0
4,5,15,78,120,ga,75,1.0640446441263762,0.6080255109293579,75,75,0.0,0.9999999999999931,False,6.007382869720459,3.0.0
4,5,15,79,121,greedy,75,1.2553812475799988,0.7173607129028564,75,75,0.0,0.9999999999999942,False,0.002809762954711914,3.0.0
4,5,15,79,121,rls,75,1.2553812475799988,0.7173607129028564,75,75,0.0,0.9999999999999944,False,5.0822649002075195,3.0.0
4,5,15,79,121,sa,75,1.2553812475799988,0.7173607129028564,75,85,-0.1333333333333333,0.9999999999999944,False,1.978877305984497,3.0.0
4,5,15,79,121,ga,75,1.2553812475799988,0.7173607129028564,75,75,0.0,0.9999999999999944,False,5.789345026016235,3.0.0
4,5,15,80,122,greedy,75,1.3361019800691216,0.7634868457537838,75,75,0.0,0.9999999999999931,False,0.001977205276489258,3.0.0
4,5,15,80,122,rls,75,1.3361019800691216,0.7634868457537838,75,75,0.0,0.9999999999999931,False,4.96958065032959,3.0.0
4,5,15,80,122,sa,75,1.3361019800691216,0.7634868457537838,75,77,-0.026666666666666616,0.9999999999999933,False,2.0679636001586914,3.0.0
4,5,15,80,122,ga,75,1.3361019800691216,0.7634868457537838,75,75,0.0,0.9999999999999931,False,5.99216628074646,3.0.0
4,5,15,81,123,greedy,75,1.8596329059083296,1.0626473748047598,75,75,0.0,0.9999999999999933,False,0.002505779266357422,3.0.0
4,5,15,81,123,rls,75,1.8596329059083296,1.0626473748047598,75,75,0.0,0.9999999999999936,False,5.526797771453857,3.0.0
4,5,15,81,123,sa,75,1.8596329059083296,1.0626473748047598,75,75,0.0,0.9999999999999933,False,2.0340940952301025,3.0.0
4,5,15,81,123,ga,75,1.8596329059083296,1.0626473748047598,75,75,0.0,0.9999999999999933,False,6.003622055053711,3.0.0
4,5,15,82,124,greedy,75,0.6873218564133604,0.39275534652192023,75,75,0.0,0.9999999999999942,False,0.0023794174194335938,3.0.0
4,5,15,82,124,rls,75,0.6873218564133604,0.39275534652192023,75,75,0.0,0.9999999999999944,False,4.9384613037109375,3.0.0
4,5,15,82,124,sa,75,0.6873218564133604,0.39275534652192023,75,75,0.0,0.9999999999999944,False,2.1148884296417236,3.0.0
4,5,15,82,124,ga,75,0.6873218564133604,0.39275534652192023,75,77,-0.026666666666666616,0.9999999999999944,False,6.26351261138916,3.0.0
4,5,15,83,125,greedy,75,0.9831553824259154,0.5618030756719516,75,75,0.0,0.9999999999999927,False,0.001999378204345703,3.0.0
4,5,15,83,125,rls,75,0.9831553824259154,0.5618030756719516,75,75,0.0,0.9999999999999929,False,5.175717353820801,3.0.0
4,5,15,83,125,sa,75,0.9831553824259154,0.5618030756719516,75,77,-0.026666666666666616,0.9999999999999931,False,2.0516343116760254,3.0.0
4,5,15,83,125,ga,75,0.9831553824259154,0.5618030756719516,75,75,0.0,0.9999999999999927,False,6.379802227020264,3.0.0
4,5,15,84,126,greedy,75,1.6483344162296367,0.9419053807026495,75,75,0.0,0.999999999999994,False,0.002842426300048828,3.0.0
4,5,15,84,126,rls,75,1.6483344162296367,0.9419053807026495,75,75,0.0,0.999999999999994,False,5.209229946136475,3.0.0
4,5,15,84,126,sa,75,1.6483344162296367,0.9419053807026495,75,75,0.0,0.999999999999994,False,2.1692190170288086,3.0.0
4,5,15,84,126,ga,75,1.6483344162296367,0.9419053807026495,75,75,0.0,0.999999999999994,False,6.27681040763855,3.0.0
4,5,15,85,127,greedy,75,0.5409295619532386,0.30910260683042207,75,75,0.0,0.9999999999999931,False,0.003408670425415039,3.0.0
4,5,15,85,127,rls,75,0.5409295619532386,0.30910260683042207,75,75,0.0,0.9999999999999936,False,8.121153593063354,3.0.0
4,5,15,85,127,sa,75,0.5409295619532386,0.30910260683042207,75,75,0.0,0.9999999999999933,False,2.0536258220672607,3.0.0
4,5,15,85,127,ga,75,0.5409295619532386,0.30910260683042207,75,75,0.0,0.9999999999999931,False,5.481159448623657,3.0.0
4,5,15,86,128,greedy,75,0.9403338728945202,0.5373336416540115,75,75,0.0,0.9999999999999938,False,0.002317190170288086,3.0.0
4,5,15,86,128,rls,75,0.9403338728945202,0.5373336416540115,75,75,0.0,0.999999999999994,False,4.692855358123779,3.0.0
4,5,15,86,128,sa,75,0.9403338728945202,0.5373336416540115,75,75,0.0,0.999999999999994,False,1.7389616966247559,3.0.0
4,5,15,86,128,ga,75,0.9403338728945202,0.5373336416540115,75,75,0.0,0.999999999999994,False,5.8816916942596436,3.0.0
4,5,15,87,129,greedy,75,1.6113454389002233,0.920768822228699,75,75,0.0,0.9999999999999929,False,0.002001047134399414,3.0.0
4,5,15,87,129,rls,75,1.6113454389002233,0.920768822228699,75,75,0.0,0.9999999999999929,False,5.212114334106445,3.0.0
4,5,15,87,129,sa,75,1.6113454389002233,0.920768822228699,75,75,0.0,0.9999999999999929,False,2.1629085540771484,3.0.0
4,5,15,87,129,ga,75,1.6113454389002233,0.920768822228699,75,75,0.0,0.9999999999999929,False,5.98304009437561,3.0.0
4,5,15,88,130,greedy,75,0.9727364651420534,0.5558494086526019,75,75,0.0,0.9999999999999922,False,0.0010037422180175781,3.0.0
4,5,15,88,130,rls,75,0.9727364651420534,0.5558494086526019,75,75,0.0,0.9999999999999922,False,4.862247467041016,3.0.0
4,5,15,88,130,sa,75,0.9727364651420534,0.5558494086526019,75,75,0.0,0.9999999999999922,False,1.9802615642547607,3.0.0
4,5,15,88,130,ga,75,0.9727364651420534,0.5558494086526019,75,75,0.0,0.9999999999999922,False,5.758592128753662,3.0.0
4,5,15,89,131,greedy,75,0.8177028124164298,0.46725874995224564,75,75,0.0,0.9999999999999931,False,0.002013683319091797,3.0.0
4,5,15,89,131,rls,75,0.8177028124164298,0.46725874995224564,75,75,0.0,0.9999999999999936,False,5.237826824188232,3.0.0
4,5,15,89,131,sa,75,0.8177028124164298,0.46725874995224564,75,75,0.0,0.9999999999999933,False,1.9870681762695312,3.0.0
4,5,15,89,131,ga,75,0.8177028124164298,0.46725874995224564,75,77,-0.026666666666666616,0.9999999999999933,False,5.872466087341309,3.0.0
4,5,15,90,132,greedy,75,1.4298904545654865,0.8170802597517065,75,75,0.0,0.9999999999999931,False,0.0035123825073242188,3.0.0
4,5,15,90,132,rls,75,1.4298904545654865,0.8170802597517065,75,75,0.0,0.9999999999999931,False,4.811041593551636,3.0.0
4,5,15,90,132,sa,75,1.4298904545654865,0.8170802597517065,75,75,0.0,0.9999999999999931,False,2.1818959712982178,3.0.0
4,5,15,90,132,ga,75,1.4298904545654865,0.8170802597517065,75,75,0.0,0.9999999999999931,False,5.734738111495972,3.0.0
4,5,15,91,133,greedy,75,1.3505250900800756,0.7717286229029003,75,75,0.0,0.9999999999999944,False,0.001994609832763672,3.0.0
4,5,15,91,133,rls,75,1.3505250900800756,0.7717286229029003,75,75,0.0,0.9999999999999948,False,4.93513298034668,3.0.0
4,5,15,91,133,sa,75,1.3505250900800756,0.7717286229029003,75,75,0.0,0.9999999999999948,False,1.855393886566162,3.0.0
4,5,15,91,133,ga,75,1.3505250900800756,0.7717286229029003,75,77,-0.026666666666666616,0.9999999999999948,False,5.896424055099487,3.0.0
4,5,15,92,134,greedy,75,1.6356728024358875,0.9346701728205071,75,75,0.0,0.9999999999999947,False,0.0010933876037597656,3.0.0
4,5,15,92,134,rls,75,1.6356728024358875,0.9346701728205071,75,75,0.0,0.999999999999995,False,6.68020486831665,3.0.0
4,5,15,92,134,sa,75,1.6356728024358875,0.9346701728205071,75,77,-0.026666666666666616,0.999999999999995,False,2.0255379676818848,3.0.0
4,5,15,92,134,ga,75,1.6356728024358875,0.9346701728205071,75,75,0.0,0.9999999999999947,False,6.378566265106201,3.0.0
4,5,15,93,135,greedy,75,1.0338722219679417,0.5907841268388239,75,75,0.0,0.999999999999995,False,0.00251007080078125,3.0.0
4,5,15,93,135,rls,75,1.0338722219679417,0.5907841268388239,75,75,0.0,0.9999999999999952,False,5.074129104614258,3.0.0
4,5,15,93,135,sa,75,1.0338722219679417,0.5907841268388239,75,75,0.0,0.999999999999995,False,1.948258399963379,3.0.0
4,5,15,93,135,ga,75,1.0338722219679417,0.5907841268388239,75,77,-0.026666666666666616,0.9999999999999952,False,6.5772788524627686,3.0.0
4,5,15,94,136,greedy,75,1.0290916979144156,0.5880523988082375,75,75,0.0,0.9999999999999961,False,0.0025894641876220703,3.0.0
4,5,15,94,136,rls,75,1.0290916979144156,0.5880523988082375,75,75,0.0,0.9999999999999961,False,5.148399114608765,3.0.0
4,5,15,94,136,sa,75,1.0290916979144156,0.5880523988082375,75,75,0.0,0.9999999999999961,False,2.028350830078125,3.0.0
4,5,15,94,136,ga,75,1.0290916979144156,0.5880523988082375,75,75,0.0,0.9999999999999961,False,5.765474319458008,3.0.0
4,5,15,95,137,greedy,75,0.8951685994385625,0.5115249139648929,75,75,0.0,0.9999999999999936,False,0.003218412399291992,3.0.0
4,5,15,95,137,rls,75,0.8951685994385625,0.5115249139648929,75,75,0.0,0.999999999999994,False,5.683067321777344,3.0.0
4,5,15,95,137,sa,75,0.8951685994385625,0.5115249139648929,75,79,-0.05333333333333323,0.999999999999994,False,2.0983810424804688,3.0.0
4,5,15,95,137,ga,75,0.8951685994385625,0.5115249139648929,75,75,0.0,0.9999999999999938,False,6.983507871627808,3.0.0
4,5,15,96,138,greedy,75,1.8542511347250632,1.0595720769857504,75,75,0.0,0.9999999999999944,False,0.002261638641357422,3.0.0
4,5,15,96,138,rls,75,1.8542511347250632,1.0595720769857504,75,75,0.0,0.9999999999999948,False,6.086019277572632,3.0.0
4,5,15,96,138,sa,75,1.8542511347250632,1.0595720769857504,75,79,-0.05333333333333323,0.9999999999999948,False,2.251741647720337,3.0.0
4,5,15,96,138,ga,75,1.8542511347250632,1.0595720769857504,75,75,0.0,0.9999999999999948,False,5.961119651794434,3.0.0
4,5,15,97,139,greedy,75,1.2144122590062632,0.6939498622892932,75,75,0.0,0.9999999999999944,False,0.0024406909942626953,3.0.0
4,5,15,97,139,rls,75,1.2144122590062632,0.6939498622892932,75,75,0.0,0.9999999999999944,False,5.28093957901001,3.0.0
4,5,15,97,139,sa,75,1.2144122590062632,0.6939498622892932,75,75,0.0,0.9999999999999944,False,2.3318355083465576,3.0.0
4,5,15,97,139,ga,75,1.2144122590062632,0.6939498622892932,75,75,0.0,0.9999999999999944,False,6.717928409576416,3.0.0
4,5,15,98,140,greedy,75,1.587733647317465,0.9072763698956943,75,75,0.0,0.9999999999999961,False,0.0011584758758544922,3.0.0
4,5,15,98,140,rls,75,1.587733647317465,0.9072763698956943,75,75,0.0,0.9999999999999966,False,5.322227239608765,3.0.0
4,5,15,98,140,sa,75,1.587733647317465,0.9072763698956943,75,75,0.0,0.9999999999999966,False,2.0425145626068115,3.0.0
4,5,15,98,140,ga,75,1.587733647317465,0.9072763698956943,75,77,-0.026666666666666616,0.9999999999999963,False,5.816222190856934,3.0.0
4,5,15,99,141,greedy,75,0.9555113093993293,0.5460064625139024,75,75,0.0,0.9999999999999922,False,0.0026586055755615234,3.0.0
4,5,15,99,141,rls,75,0.9555113093993293,0.5460064625139024,75,75,0.0,0.9999999999999922,False,4.944735765457153,3.0.0
4,5,15,99,141,sa,75,0.9555113093993293,0.5460064625139024,75,73,0.026666666666666616,0.9999999999999922,False,1.8521695137023926,3.0.0
4,5,15,99,141,ga,75,0.9555113093993293,0.5460064625139024,75,75,0.0,0.9999999999999922,False,6.98171329498291,3.0.0
