listing_model,rule_set,window_gates,budget_seconds,wall_aggregation,memory_aggregation,n_scheduled,n_unique_inputs,quality_itt_mean,quality_itt_median,valid_rate,failure_rate,wall_seconds_median,wall_seconds_p95,peak_rss_mb_median,peak_rss_mb_p95,pareto_nondominated,dominates_n,dominated_by_n,pareto_dominance_rate,pareto_dominated_by_rate,selected_wall_seconds,selected_peak_rss_mb
LBL,COMMUTATION_ONLY,4,1,median,median,391,391,0.0,0.0,0.0,1.0,1.042472600005567,1.0577474499987147,98.78515625,106.20703125,False,10,1,0.14084507042253522,0.014084507042253521,1.042472600005567,98.78515625
LBL,COMMUTATION_ONLY,4,10,median,median,391,391,4.804587378251393,0.0,0.9462915601023018,0.05370843989769821,2.196008200000506,10.026057349998155,142.90234375,145.29296875,False,0,3,0.0,0.04225352112676056,2.196008200000506,142.90234375
LBL,COMMUTATION_ONLY,4,30,median,median,391,391,4.914787321528124,0.0,0.9667519181585678,0.03324808184143223,2.2170814000019163,20.26053284999921,142.94921875,146.36328125,False,0,9,0.0,0.1267605633802817,2.2170814000019163,142.94921875
LBL,COMMUTATION_ONLY,4,120,median,median,391,391,4.958321181196754,0.0,0.9744245524296675,0.02557544757033248,2.1990648999926634,26.464222849997896,142.91015625,146.892578125,False,1,2,0.014084507042253521,0.028169014084507043,2.1990648999926634,142.91015625
LBL,COMMUTATION_ONLY,16,1,median,median,391,391,0.0,0.0,0.0,1.0,1.0443205999999918,1.0580376500038255,98.55859375,106.37890625,True,1,0,0.014084507042253521,0.0,1.0443205999999918,98.55859375
LBL,COMMUTATION_ONLY,16,10,median,median,391,391,14.687358985271565,0.29112081513827937,0.9411764705882353,0.058823529411764705,2.2042082999978447,10.030052999998588,142.8359375,145.28125,True,0,0,0.0,0.0,2.2042082999978447,142.8359375
LBL,COMMUTATION_ONLY,16,30,median,median,391,391,14.778298707737303,0.29112081513827937,0.9616368286445013,0.03836317135549872,2.186120200000005,18.346437549998882,142.9296875,146.71875,True,2,0,0.028169014084507043,0.0,2.186120200000005,142.9296875
LBL,COMMUTATION_ONLY,16,120,median,median,391,391,14.850855140518354,3.7921348314606695,0.9744245524296675,0.02557544757033248,2.224381399995764,27.43162294999638,142.91796875,146.974609375,False,2,1,0.028169014084507043,0.014084507042253521,2.224381399995764,142.91796875
LBL,COMMUTATION_ONLY,64,1,median,median,391,391,0.0,0.0,0.0,1.0,1.0433947000001353,1.0581623999964904,98.64453125,106.236328125,True,6,0,0.08450704225352113,0.0,1.0433947000001353,98.64453125
LBL,COMMUTATION_ONLY,64,10,median,median,391,391,15.64967199652275,4.7752808988763995,0.948849104859335,0.05115089514066496,2.200717200001236,9.006424099999833,142.9765625,145.396484375,False,0,7,0.0,0.09859154929577464,2.200717200001236,142.9765625
LBL,COMMUTATION_ONLY,64,30,median,median,391,391,15.78444348545859,5.7046979865771785,0.969309462915601,0.030690537084398978,2.211296700000048,26.31738189999942,142.92578125,146.837890625,False,6,1,0.08450704225352113,0.014084507042253521,2.211296700000048,142.92578125
LBL,COMMUTATION_ONLY,64,120,median,median,391,391,15.81813635769255,5.72390572390572,0.9744245524296675,0.02557544757033248,2.2160965999937616,19.837278199999787,143.0,146.767578125,False,0,5,0.0,0.07042253521126761,2.2160965999937616,143.0
LBL,COMMUTATION_PLUS_TEMPLATES,4,1,median,median,391,391,0.0,0.0,0.0,1.0,1.0456272000010358,1.058211349999965,98.71875,106.314453125,False,0,5,0.0,0.07042253521126761,1.0456272000010358,98.71875
LBL,COMMUTATION_PLUS_TEMPLATES,4,10,median,median,391,391,7.725006249178906,0.0,0.948849104859335,0.05115089514066496,2.1887892999948235,9.315669799995703,142.90234375,145.369140625,False,1,1,0.014084507042253521,0.014084507042253521,2.1887892999948235,142.90234375
LBL,COMMUTATION_PLUS_TEMPLATES,4,30,median,median,391,391,7.82658525507238,0.0,0.9667519181585678,0.03324808184143223,2.1712297999911243,18.60584475000087,142.94140625,146.796875,False,1,1,0.014084507042253521,0.014084507042253521,2.1712297999911243,142.94140625
LBL,COMMUTATION_PLUS_TEMPLATES,4,120,median,median,391,391,7.87011911474101,0.0,0.9744245524296675,0.02557544757033248,2.169358299999999,18.069912500006012,142.91015625,146.83984375,True,3,0,0.04225352112676056,0.0,2.169358299999999,142.91015625
LBL,COMMUTATION_PLUS_TEMPLATES,16,1,median,median,391,391,0.0,0.0,0.0,1.0,1.0421168000029866,1.0568252500006565,98.69140625,105.435546875,True,13,0,0.18309859154929578,0.0,1.0421168000029866,98.69140625
LBL,COMMUTATION_PLUS_TEMPLATES,16,10,median,median,391,391,22.521090522750185,3.8028169014084456,0.9462915601023018,0.05370843989769821,2.2219009999971604,10.02530475000458,142.93359375,145.201171875,False,0,2,0.0,0.028169014084507043,2.2219009999971604,142.93359375
LBL,COMMUTATION_PLUS_TEMPLATES,16,30,median,median,391,391,22.66694794282671,4.040404040404044,0.9744245524296675,0.02557544757033248,2.197088300003088,21.822295950001717,142.9609375,146.642578125,True,9,0,0.1267605633802817,0.0,2.197088300003088,142.9609375
LBL,COMMUTATION_PLUS_TEMPLATES,16,120,median,median,391,391,22.66694794282671,4.040404040404044,0.9744245524296675,0.02557544757033248,2.2039884999976493,27.1090600000025,142.94921875,146.78515625,True,10,0,0.14084507042253522,0.0,2.2039884999976493,142.94921875
LBL,COMMUTATION_PLUS_TEMPLATES,64,1,median,median,391,391,0.0,0.0,0.0,1.0,1.0428452000051038,1.0571727000024111,98.6484375,108.55859375,True,10,0,0.14084507042253522,0.0,1.0428452000051038,98.6484375
LBL,COMMUTATION_PLUS_TEMPLATES,64,10,median,median,391,391,22.65737843540881,4.7752808988763995,0.9411764705882353,0.058823529411764705,2.210421199997654,10.028869800000393,142.921875,145.12890625,True,0,0,0.0,0.0,2.210421199997654,142.921875
LBL,COMMUTATION_PLUS_TEMPLATES,64,30,median,median,391,391,22.819714775707,5.7046979865771785,0.9667519181585678,0.03324808184143223,2.1767470999984653,21.554457650000586,142.953125,146.693359375,True,9,0,0.1267605633802817,0.0,2.1767470999984653,142.953125
LBL,COMMUTATION_PLUS_TEMPLATES,64,120,median,median,391,391,22.870254084057937,5.72390572390572,0.9744245524296675,0.02557544757033248,2.242429300000367,17.938444100005654,142.94140625,146.765625,True,0,0,0.0,0.0,2.242429300000367,142.94140625
RANDOM_TOPOLOGICAL,COMMUTATION_ONLY,4,1,median,median,391,391,0.0,0.0,0.0,1.0,1.0439511000004131,1.0577203499997267,98.93359375,106.5,False,0,10,0.0,0.14084507042253522,1.0439511000004131,98.93359375
RANDOM_TOPOLOGICAL,COMMUTATION_ONLY,4,10,median,median,391,391,11.25617065989542,0.0,0.948849104859335,0.05115089514066496,2.1867363999999725,9.395521300000382,142.9609375,145.31640625,False,0,3,0.0,0.04225352112676056,2.1867363999999725,142.9609375
RANDOM_TOPOLOGICAL,COMMUTATION_ONLY,4,30,median,median,391,391,11.338206687917213,2.5352112676056304,0.9641943734015346,0.03580562659846547,2.2247015999964788,20.325281450001967,142.9375,146.9375,False,0,8,0.0,0.11267605633802817,2.2247015999964788,142.9375
RANDOM_TOPOLOGICAL,COMMUTATION_ONLY,4,120,median,median,391,391,11.392109723611641,2.94943820224719,0.9744245524296675,0.02557544757033248,2.221567500004312,19.71964394999702,142.9296875,147.091796875,False,1,2,0.014084507042253521,0.028169014084507043,2.221567500004312,142.9296875
RANDOM_TOPOLOGICAL,COMMUTATION_ONLY,16,1,median,median,391,391,0.0,0.0,0.0,1.0,1.043701400005375,1.057415500003117,98.6171875,105.712890625,True,3,0,0.04225352112676056,0.0,1.043701400005375,98.6171875
RANDOM_TOPOLOGICAL,COMMUTATION_ONLY,16,10,median,median,391,391,15.450035110710253,3.3802816901408406,0.9437340153452686,0.056265984654731455,2.2074090000005526,10.027106349996757,142.9453125,145.1484375,False,0,4,0.0,0.056338028169014086,2.2074090000005526,142.9453125
RANDOM_TOPOLOGICAL,COMMUTATION_ONLY,16,30,median,median,391,391,15.514526076977134,3.8787023977433055,0.9565217391304348,0.043478260869565216,2.2117983999996795,28.396786199999042,142.953125,146.541015625,False,0,7,0.0,0.09859154929577464,2.2117983999996795,142.953125
RANDOM_TOPOLOGICAL,COMMUTATION_ONLY,16,120,median,median,391,391,15.626201560024795,4.194630872483218,0.9744245524296675,0.02557544757033248,2.214487299999746,19.13371794999739,142.953125,146.923828125,False,2,4,0.028169014084507043,0.056338028169014086,2.214487299999746,142.953125
RANDOM_TOPOLOGICAL,COMMUTATION_ONLY,64,1,median,median,391,391,0.0,0.0,0.0,1.0,1.0422099999996135,1.0565887500015378,98.9765625,108.568359375,False,4,1,0.056338028169014086,0.014084507042253521,1.0422099999996135,98.9765625
RANDOM_TOPOLOGICAL,COMMUTATION_ONLY,64,10,median,median,391,391,15.641410723940739,4.724964739069115,0.9462915601023018,0.05370843989769821,2.219677399999455,10.03039484999681,142.91796875,145.294921875,False,0,2,0.0,0.028169014084507043,2.219677399999455,142.91796875
RANDOM_TOPOLOGICAL,COMMUTATION_ONLY,64,30,median,median,391,391,15.756830082567983,5.333333333333334,0.9641943734015346,0.03580562659846547,2.2172959000017727,23.36104925000336,142.94140625,146.6484375,False,0,5,0.0,0.07042253521126761,2.2172959000017727,142.94140625
RANDOM_TOPOLOGICAL,COMMUTATION_ONLY,64,120,median,median,391,391,15.825605797012555,5.555555555555558,0.9744245524296675,0.02557544757033248,2.2262693000084255,21.23747290000574,142.89453125,147.041015625,False,2,1,0.028169014084507043,0.014084507042253521,2.2262693000084255,142.89453125
RANDOM_TOPOLOGICAL,COMMUTATION_PLUS_TEMPLATES,4,1,median,median,391,391,0.0,0.0,0.0,1.0,1.0438315000064904,1.0563471000023128,99.42578125,108.330078125,False,0,14,0.0,0.19718309859154928,1.0438315000064904,99.42578125
RANDOM_TOPOLOGICAL,COMMUTATION_PLUS_TEMPLATES,4,10,median,median,391,391,14.6409052983005,1.2422360248447228,0.948849104859335,0.05115089514066496,2.2029337999993004,9.666434699996898,142.94140625,145.2265625,False,0,5,0.0,0.07042253521126761,2.2029337999993004,142.94140625
RANDOM_TOPOLOGICAL,COMMUTATION_PLUS_TEMPLATES,4,30,median,median,391,391,14.510635956020735,2.94943820224719,0.9641943734015346,0.03580562659846547,2.215287700000772,27.601578350000636,142.984375,146.6328125,False,0,13,0.0,0.18309859154929578,2.215287700000772,142.984375
RANDOM_TOPOLOGICAL,COMMUTATION_PLUS_TEMPLATES,4,120,median,median,391,391,14.776844362016726,2.970297029702973,0.9744245524296675,0.02557544757033248,2.2389280000061262,27.133839199992508,142.95703125,147.15234375,False,0,8,0.0,0.11267605633802817,2.2389280000061262,142.95703125
RANDOM_TOPOLOGICAL,COMMUTATION_PLUS_TEMPLATES,16,1,median,median,391,391,0.0,0.0,0.0,1.0,1.0434823000032338,1.0583774499991705,98.87890625,108.685546875,False,3,5,0.04225352112676056,0.07042253521126761,1.0434823000032338,98.87890625
RANDOM_TOPOLOGICAL,COMMUTATION_PLUS_TEMPLATES,16,10,median,median,391,391,22.47607759040326,3.7921348314606695,0.9462915601023018,0.05370843989769821,2.236048099992331,10.02691579999373,142.91015625,145.162109375,False,0,2,0.0,0.028169014084507043,2.236048099992331,142.91015625
RANDOM_TOPOLOGICAL,COMMUTATION_PLUS_TEMPLATES,16,30,median,median,391,391,22.57934633039527,4.040404040404044,0.9667519181585678,0.03324808184143223,2.199296399994637,18.644658200001004,142.91796875,146.7265625,False,12,1,0.16901408450704225,0.014084507042253521,2.199296399994637,142.91796875
RANDOM_TOPOLOGICAL,COMMUTATION_PLUS_TEMPLATES,16,120,median,median,391,391,22.622880190063906,4.194630872483218,0.9744245524296675,0.02557544757033248,2.1884116000001086,20.43699959999958,142.86328125,147.01953125,True,34,0,0.4788732394366197,0.0,2.1884116000001086,142.86328125
RANDOM_TOPOLOGICAL,COMMUTATION_PLUS_TEMPLATES,64,1,median,median,391,391,0.0,0.0,0.0,1.0,1.0426596999968751,1.0569717500002298,99.0859375,107.705078125,False,2,3,0.028169014084507043,0.04225352112676056,1.0426596999968751,99.0859375
RANDOM_TOPOLOGICAL,COMMUTATION_PLUS_TEMPLATES,64,10,median,median,391,391,22.37189849701963,4.70505617977528,0.9411764705882353,0.058823529411764705,2.2095272000005934,10.031472850001592,142.91015625,145.275390625,False,0,1,0.0,0.014084507042253521,2.2095272000005934,142.91015625
RANDOM_TOPOLOGICAL,COMMUTATION_PLUS_TEMPLATES,64,30,median,median,391,391,22.791906777019662,5.333333333333334,0.959079283887468,0.04092071611253197,2.223895100003574,28.150960800001485,142.875,145.9296875,True,2,0,0.028169014084507043,0.0,2.223895100003574,142.875
RANDOM_TOPOLOGICAL,COMMUTATION_PLUS_TEMPLATES,64,120,median,median,391,391,22.87772352337794,5.555555555555558,0.9744245524296675,0.02557544757033248,2.2346729999990202,18.726503949999824,142.96484375,147.134765625,True,0,0,0.0,0.0,2.2346729999990202,142.96484375
WCL,COMMUTATION_ONLY,4,1,median,median,391,391,0.0,0.0,0.0,1.0,1.0432048000002396,1.0570796000001224,98.984375,106.787109375,False,1,6,0.014084507042253521,0.08450704225352113,1.0432048000002396,98.984375
WCL,COMMUTATION_ONLY,4,10,median,median,391,391,14.08863475816989,3.7921348314606695,0.9462915601023018,0.05370843989769821,2.1860655000054976,10.027217250000831,142.88671875,145.20703125,True,1,0,0.014084507042253521,0.0,2.1860655000054976,142.88671875
WCL,COMMUTATION_ONLY,4,30,median,median,391,391,14.239104544732326,4.040404040404044,0.9718670076726342,0.028132992327365727,2.1981099999975413,19.22461159999716,142.98046875,146.92578125,False,0,3,0.0,0.04225352112676056,2.1981099999975413,142.98046875
WCL,COMMUTATION_ONLY,4,120,median,median,391,391,14.253615831288535,4.040404040404044,0.9744245524296675,0.02557544757033248,2.209780999997747,26.538231549998272,142.97265625,146.8203125,False,0,6,0.0,0.08450704225352113,2.209780999997747,142.97265625
WCL,COMMUTATION_ONLY,16,1,median,median,391,391,0.0,0.0,0.0,1.0,1.0435526999972353,1.0571511999951326,98.91796875,107.2109375,False,2,7,0.028169014084507043,0.09859154929577464,1.0435526999972353,98.91796875
WCL,COMMUTATION_ONLY,16,10,median,median,391,391,15.517275487149913,3.7921348314606695,0.9462915601023018,0.05370843989769821,2.1829287000000477,10.025651250001829,142.97265625,145.400390625,False,0,1,0.0,0.014084507042253521,2.1829287000000477,142.97265625
WCL,COMMUTATION_ONLY,16,30,median,median,391,391,15.667745273712349,4.040404040404044,0.9718670076726342,0.028132992327365727,2.2372430999967037,22.422727499999382,142.9609375,147.078125,False,0,7,0.0,0.09859154929577464,2.2372430999967037,142.9609375
WCL,COMMUTATION_ONLY,16,120,median,median,391,391,15.682256560268558,4.040404040404044,0.9744245524296675,0.02557544757033248,2.199961299993447,17.93903904999695,142.9296875,146.96875,False,13,1,0.18309859154929578,0.014084507042253521,2.199961299993447,142.9296875
WCL,COMMUTATION_ONLY,64,1,median,median,391,391,0.0,0.0,0.0,1.0,1.0435532000010426,1.0587714499997674,98.84375,108.849609375,False,2,5,0.028169014084507043,0.07042253521126761,1.0435532000010426,98.84375
WCL,COMMUTATION_ONLY,64,10,median,median,391,391,15.627466352783086,4.7752808988763995,0.9462915601023018,0.05370843989769821,2.200411000000031,10.026290999999219,142.98046875,145.23828125,False,0,7,0.0,0.09859154929577464,2.200411000000031,142.98046875
WCL,COMMUTATION_ONLY,64,30,median,median,391,391,15.78444348545859,5.7046979865771785,0.969309462915601,0.030690537084398978,2.2136184999981197,19.911618850000195,142.953125,146.7421875,False,1,4,0.014084507042253521,0.056338028169014086,2.2136184999981197,142.953125
WCL,COMMUTATION_ONLY,64,120,median,median,391,391,15.81813635769255,5.72390572390572,0.9744245524296675,0.02557544757033248,2.1840515000076266,28.44409370000085,142.9375,147.056640625,True,17,0,0.23943661971830985,0.0,2.1840515000076266,142.9375
WCL,COMMUTATION_PLUS_TEMPLATES,4,1,median,median,391,391,0.0,0.0,0.0,1.0,1.0431010000011156,1.0574057000012544,98.90234375,108.59765625,False,4,4,0.056338028169014086,0.056338028169014086,1.0431010000011156,98.90234375
WCL,COMMUTATION_PLUS_TEMPLATES,4,10,median,median,391,391,16.38573033317544,3.7921348314606695,0.9462915601023018,0.05370843989769821,2.2214889000024414,10.023509949998697,142.90625,145.43359375,False,0,1,0.0,0.014084507042253521,2.2214889000024414,142.90625
WCL,COMMUTATION_PLUS_TEMPLATES,4,30,median,median,391,391,16.487309339068915,4.026845637583898,0.9667519181585678,0.03324808184143223,2.190217300000768,22.118536200001813,142.9765625,145.552734375,False,3,2,0.04225352112676056,0.028169014084507043,2.190217300000768,142.9765625
WCL,COMMUTATION_PLUS_TEMPLATES,4,120,median,median,391,391,16.530843198737546,4.040404040404044,0.9744245524296675,0.02557544757033248,2.1912002000026405,26.699396600004548,143.015625,146.939453125,False,0,1,0.0,0.014084507042253521,2.1912002000026405,143.015625
WCL,COMMUTATION_PLUS_TEMPLATES,16,1,median,median,391,391,0.0,0.0,0.0,1.0,1.0430486999994173,1.0572358499994152,99.109375,106.8203125,False,1,6,0.014084507042253521,0.08450704225352113,1.0430486999994173,99.109375
WCL,COMMUTATION_PLUS_TEMPLATES,16,10,median,median,391,391,22.561545564916365,3.8028169014084456,0.948849104859335,0.05115089514066496,2.2060350999963703,9.958754849997376,142.98046875,145.185546875,False,0,6,0.0,0.08450704225352113,2.2060350999963703,142.98046875
WCL,COMMUTATION_PLUS_TEMPLATES,16,30,median,median,391,391,22.535212714838003,4.0000000000000036,0.9616368286445013,0.03836317135549872,2.1992417000001296,27.469639949998964,143.00390625,146.73046875,False,0,4,0.0,0.056338028169014086,2.1992417000001296,143.00390625
WCL,COMMUTATION_PLUS_TEMPLATES,16,120,median,median,391,391,22.706658430478466,4.040404040404044,0.9744245524296675,0.02557544757033248,2.1977975999980117,27.260637800005497,143.00390625,147.265625,True,1,0,0.014084507042253521,0.0,2.1977975999980117,143.00390625
WCL,COMMUTATION_PLUS_TEMPLATES,64,1,median,median,391,391,0.0,0.0,0.0,1.0,1.0430286999981035,1.0566971500029467,98.796875,107.57421875,False,8,3,0.11267605633802817,0.04225352112676056,1.0430286999981035,98.796875
WCL,COMMUTATION_PLUS_TEMPLATES,64,10,median,median,391,391,22.674073866732662,4.7887323943662015,0.9462915601023018,0.05370843989769821,2.2375252000001637,10.027652850001687,142.9375,145.353515625,False,0,2,0.0,0.028169014084507043,2.2375252000001637,142.9375
WCL,COMMUTATION_PLUS_TEMPLATES,64,30,median,median,391,391,22.77515248343454,5.7046979865771785,0.9641943734015346,0.03580562659846547,2.2145553000009386,24.508148449998544,142.9375,146.576171875,True,4,0,0.056338028169014086,0.0,2.2145553000009386,142.9375
WCL,COMMUTATION_PLUS_TEMPLATES,64,120,median,median,391,391,22.842538227902462,5.72390572390572,0.9744245524296675,0.02557544757033248,2.2059560000052443,17.946090249999997,142.95703125,147.15625,True,6,0,0.08450704225352113,0.0,2.2059560000052443,142.95703125
LBL,COMMUTATION_ONLY,4,1,median,p95,391,391,0.0,0.0,0.0,1.0,1.042472600005567,1.0577474499987147,98.78515625,106.20703125,False,14,1,0.19718309859154928,0.014084507042253521,1.042472600005567,106.20703125
LBL,COMMUTATION_ONLY,4,10,median,p95,391,391,4.804587378251393,0.0,0.9462915601023018,0.05370843989769821,2.196008200000506,10.026057349998155,142.90234375,145.29296875,False,0,1,0.0,0.014084507042253521,2.196008200000506,145.29296875
LBL,COMMUTATION_ONLY,4,30,median,p95,391,391,4.914787321528124,0.0,0.9667519181585678,0.03324808184143223,2.2170814000019163,20.26053284999921,142.94921875,146.36328125,False,0,1,0.0,0.014084507042253521,2.2170814000019163,146.36328125
LBL,COMMUTATION_ONLY,4,120,median,p95,391,391,4.958321181196754,0.0,0.9744245524296675,0.02557544757033248,2.1990648999926634,26.464222849997896,142.91015625,146.892578125,False,0,2,0.0,0.028169014084507043,2.1990648999926634,146.892578125
LBL,COMMUTATION_ONLY,16,1,median,p95,391,391,0.0,0.0,0.0,1.0,1.0443205999999918,1.0580376500038255,98.55859375,106.37890625,False,0,4,0.0,0.056338028169014086,1.0443205999999918,106.37890625
LBL,COMMUTATION_ONLY,16,10,median,p95,391,391,14.687358985271565,0.29112081513827937,0.9411764705882353,0.058823529411764705,2.2042082999978447,10.030052999998588,142.8359375,145.28125,False,0,1,0.0,0.014084507042253521,2.2042082999978447,145.28125
LBL,COMMUTATION_ONLY,16,30,median,p95,391,391,14.778298707737303,0.29112081513827937,0.9616368286445013,0.03836317135549872,2.186120200000005,18.346437549998882,142.9296875,146.71875,False,0,1,0.0,0.014084507042253521,2.186120200000005,146.71875
LBL,COMMUTATION_ONLY,16,120,median,p95,391,391,14.850855140518354,3.7921348314606695,0.9744245524296675,0.02557544757033248,2.224381399995764,27.43162294999638,142.91796875,146.974609375,False,1,6,0.014084507042253521,0.08450704225352113,2.224381399995764,146.974609375
LBL,COMMUTATION_ONLY,64,1,median,p95,391,391,0.0,0.0,0.0,1.0,1.0433947000001353,1.0581623999964904,98.64453125,106.236328125,False,7,2,0.09859154929577464,0.028169014084507043,1.0433947000001353,106.236328125
LBL,COMMUTATION_ONLY,64,10,median,p95,391,391,15.64967199652275,4.7752808988763995,0.948849104859335,0.05115089514066496,2.200717200001236,9.006424099999833,142.9765625,145.396484375,True,0,0,0.0,0.0,2.200717200001236,145.396484375
LBL,COMMUTATION_ONLY,64,30,median,p95,391,391,15.78444348545859,5.7046979865771785,0.969309462915601,0.030690537084398978,2.211296700000048,26.31738189999942,142.92578125,146.837890625,False,1,2,0.014084507042253521,0.028169014084507043,2.211296700000048,146.837890625
LBL,COMMUTATION_ONLY,64,120,median,p95,391,391,15.81813635769255,5.72390572390572,0.9744245524296675,0.02557544757033248,2.2160965999937616,19.837278199999787,143.0,146.767578125,False,5,1,0.07042253521126761,0.014084507042253521,2.2160965999937616,146.767578125
LBL,COMMUTATION_PLUS_TEMPLATES,4,1,median,p95,391,391,0.0,0.0,0.0,1.0,1.0456272000010358,1.058211349999965,98.71875,106.314453125,False,0,4,0.0,0.056338028169014086,1.0456272000010358,106.314453125
LBL,COMMUTATION_PLUS_TEMPLATES,4,10,median,p95,391,391,7.725006249178906,0.0,0.948849104859335,0.05115089514066496,2.1887892999948235,9.315669799995703,142.90234375,145.369140625,False,0,1,0.0,0.014084507042253521,2.1887892999948235,145.369140625
LBL,COMMUTATION_PLUS_TEMPLATES,4,30,median,p95,391,391,7.82658525507238,0.0,0.9667519181585678,0.03324808184143223,2.1712297999911243,18.60584475000087,142.94140625,146.796875,True,0,0,0.0,0.0,2.1712297999911243,146.796875
LBL,COMMUTATION_PLUS_TEMPLATES,4,120,median,p95,391,391,7.87011911474101,0.0,0.9744245524296675,0.02557544757033248,2.169358299999999,18.069912500006012,142.91015625,146.83984375,True,1,0,0.014084507042253521,0.0,2.169358299999999,146.83984375
LBL,COMMUTATION_PLUS_TEMPLATES,16,1,median,p95,391,391,0.0,0.0,0.0,1.0,1.0421168000029866,1.0568252500006565,98.69140625,105.435546875,True,17,0,0.23943661971830985,0.0,1.0421168000029866,105.435546875
LBL,COMMUTATION_PLUS_TEMPLATES,16,10,median,p95,391,391,22.521090522750185,3.8028169014084456,0.9462915601023018,0.05370843989769821,2.2219009999971604,10.02530475000458,142.93359375,145.201171875,False,0,1,0.0,0.014084507042253521,2.2219009999971604,145.201171875
LBL,COMMUTATION_PLUS_TEMPLATES,16,30,median,p95,391,391,22.66694794282671,4.040404040404044,0.9744245524296675,0.02557544757033248,2.197088300003088,21.822295950001717,142.9609375,146.642578125,True,18,0,0.2535211267605634,0.0,2.197088300003088,146.642578125
LBL,COMMUTATION_PLUS_TEMPLATES,16,120,median,p95,391,391,22.66694794282671,4.040404040404044,0.9744245524296675,0.02557544757033248,2.2039884999976493,27.1090600000025,142.94921875,146.78515625,False,9,1,0.1267605633802817,0.014084507042253521,2.2039884999976493,146.78515625
LBL,COMMUTATION_PLUS_TEMPLATES,64,1,median,p95,391,391,0.0,0.0,0.0,1.0,1.0428452000051038,1.0571727000024111,98.6484375,108.55859375,False,3,3,0.04225352112676056,0.04225352112676056,1.0428452000051038,108.55859375
LBL,COMMUTATION_PLUS_TEMPLATES,64,10,median,p95,391,391,22.65737843540881,4.7752808988763995,0.9411764705882353,0.058823529411764705,2.210421199997654,10.028869800000393,142.921875,145.12890625,True,0,0,0.0,0.0,2.210421199997654,145.12890625
LBL,COMMUTATION_PLUS_TEMPLATES,64,30,median,p95,391,391,22.819714775707,5.7046979865771785,0.9667519181585678,0.03324808184143223,2.1767470999984653,21.554457650000586,142.953125,146.693359375,True,4,0,0.056338028169014086,0.0,2.1767470999984653,146.693359375
LBL,COMMUTATION_PLUS_TEMPLATES,64,120,median,p95,391,391,22.870254084057937,5.72390572390572,0.9744245524296675,0.02557544757033248,2.242429300000367,17.938444100005654,142.94140625,146.765625,True,0,0,0.0,0.0,2.242429300000367,146.765625
RANDOM_TOPOLOGICAL,COMMUTATION_ONLY,4,1,median,p95,391,391,0.0,0.0,0.0,1.0,1.0439511000004131,1.0577203499997267,98.93359375,106.5,False,0,4,0.0,0.056338028169014086,1.0439511000004131,106.5
RANDOM_TOPOLOGICAL,COMMUTATION_ONLY,4,10,median,p95,391,391,11.25617065989542,0.0,0.948849104859335,0.05115089514066496,2.1867363999999725,9.395521300000382,142.9609375,145.31640625,True,1,0,0.014084507042253521,0.0,2.1867363999999725,145.31640625
RANDOM_TOPOLOGICAL,COMMUTATION_ONLY,4,30,median,p95,391,391,11.338206687917213,2.5352112676056304,0.9641943734015346,0.03580562659846547,2.2247015999964788,20.325281450001967,142.9375,146.9375,False,0,14,0.0,0.19718309859154928,2.2247015999964788,146.9375
RANDOM_TOPOLOGICAL,COMMUTATION_ONLY,4,120,median,p95,391,391,11.392109723611641,2.94943820224719,0.9744245524296675,0.02557544757033248,2.221567500004312,19.71964394999702,142.9296875,147.091796875,False,0,9,0.0,0.1267605633802817,2.221567500004312,147.091796875
RANDOM_TOPOLOGICAL,COMMUTATION_ONLY,16,1,median,p95,391,391,0.0,0.0,0.0,1.0,1.043701400005375,1.057415500003117,98.6171875,105.712890625,False,4,1,0.056338028169014086,0.014084507042253521,1.043701400005375,105.712890625
RANDOM_TOPOLOGICAL,COMMUTATION_ONLY,16,10,median,p95,391,391,15.450035110710253,3.3802816901408406,0.9437340153452686,0.056265984654731455,2.2074090000005526,10.027106349996757,142.9453125,145.1484375,True,0,0,0.0,0.0,2.2074090000005526,145.1484375
RANDOM_TOPOLOGICAL,COMMUTATION_ONLY,16,30,median,p95,391,391,15.514526076977134,3.8787023977433055,0.9565217391304348,0.043478260869565216,2.2117983999996795,28.396786199999042,142.953125,146.541015625,False,0,1,0.0,0.014084507042253521,2.2117983999996795,146.541015625
RANDOM_TOPOLOGICAL,COMMUTATION_ONLY,16,120,median,p95,391,391,15.626201560024795,4.194630872483218,0.9744245524296675,0.02557544757033248,2.214487299999746,19.13371794999739,142.953125,146.923828125,False,4,2,0.056338028169014086,0.028169014084507043,2.214487299999746,146.923828125
RANDOM_TOPOLOGICAL,COMMUTATION_ONLY,64,1,median,p95,391,391,0.0,0.0,0.0,1.0,1.0422099999996135,1.0565887500015378,98.9765625,108.568359375,False,3,1,0.04225352112676056,0.014084507042253521,1.0422099999996135,108.568359375
RANDOM_TOPOLOGICAL,COMMUTATION_ONLY,64,10,median,p95,391,391,15.641410723940739,4.724964739069115,0.9462915601023018,0.05370843989769821,2.219677399999455,10.03039484999681,142.91796875,145.294921875,False,0,1,0.0,0.014084507042253521,2.219677399999455,145.294921875
RANDOM_TOPOLOGICAL,COMMUTATION_ONLY,64,30,median,p95,391,391,15.756830082567983,5.333333333333334,0.9641943734015346,0.03580562659846547,2.2172959000017727,23.36104925000336,142.94140625,146.6484375,False,1,3,0.014084507042253521,0.04225352112676056,2.2172959000017727,146.6484375
RANDOM_TOPOLOGICAL,COMMUTATION_ONLY,64,120,median,p95,391,391,15.825605797012555,5.555555555555558,0.9744245524296675,0.02557544757033248,2.2262693000084255,21.23747290000574,142.89453125,147.041015625,False,2,4,0.028169014084507043,0.056338028169014086,2.2262693000084255,147.041015625
RANDOM_TOPOLOGICAL,COMMUTATION_PLUS_TEMPLATES,4,1,median,p95,391,391,0.0,0.0,0.0,1.0,1.0438315000064904,1.0563471000023128,99.42578125,108.330078125,False,0,9,0.0,0.1267605633802817,1.0438315000064904,108.330078125
RANDOM_TOPOLOGICAL,COMMUTATION_PLUS_TEMPLATES,4,10,median,p95,391,391,14.6409052983005,1.2422360248447228,0.948849104859335,0.05115089514066496,2.2029337999993004,9.666434699996898,142.94140625,145.2265625,True,0,0,0.0,0.0,2.2029337999993004,145.2265625
RANDOM_TOPOLOGICAL,COMMUTATION_PLUS_TEMPLATES,4,30,median,p95,391,391,14.510635956020735,2.94943820224719,0.9641943734015346,0.03580562659846547,2.215287700000772,27.601578350000636,142.984375,146.6328125,False,1,2,0.014084507042253521,0.028169014084507043,2.215287700000772,146.6328125
RANDOM_TOPOLOGICAL,COMMUTATION_PLUS_TEMPLATES,4,120,median,p95,391,391,14.776844362016726,2.970297029702973,0.9744245524296675,0.02557544757033248,2.2389280000061262,27.133839199992508,142.95703125,147.15234375,False,0,11,0.0,0.15492957746478872,2.2389280000061262,147.15234375
RANDOM_TOPOLOGICAL,COMMUTATION_PLUS_TEMPLATES,16,1,median,p95,391,391,0.0,0.0,0.0,1.0,1.0434823000032338,1.0583774499991705,98.87890625,108.685546875,False,1,10,0.014084507042253521,0.14084507042253522,1.0434823000032338,108.685546875
RANDOM_TOPOLOGICAL,COMMUTATION_PLUS_TEMPLATES,16,10,median,p95,391,391,22.47607759040326,3.7921348314606695,0.9462915601023018,0.05370843989769821,2.236048099992331,10.02691579999373,142.91015625,145.162109375,True,0,0,0.0,0.0,2.236048099992331,145.162109375
RANDOM_TOPOLOGICAL,COMMUTATION_PLUS_TEMPLATES,16,30,median,p95,391,391,22.57934633039527,4.040404040404044,0.9667519181585678,0.03324808184143223,2.199296399994637,18.644658200001004,142.91796875,146.7265625,False,1,2,0.014084507042253521,0.028169014084507043,2.199296399994637,146.7265625
RANDOM_TOPOLOGICAL,COMMUTATION_PLUS_TEMPLATES,16,120,median,p95,391,391,22.622880190063906,4.194630872483218,0.9744245524296675,0.02557544757033248,2.1884116000001086,20.43699959999958,142.86328125,147.01953125,True,4,0,0.056338028169014086,0.0,2.1884116000001086,147.01953125
RANDOM_TOPOLOGICAL,COMMUTATION_PLUS_TEMPLATES,64,1,median,p95,391,391,0.0,0.0,0.0,1.0,1.0426596999968751,1.0569717500002298,99.0859375,107.705078125,False,5,2,0.07042253521126761,0.028169014084507043,1.0426596999968751,107.705078125
RANDOM_TOPOLOGICAL,COMMUTATION_PLUS_TEMPLATES,64,10,median,p95,391,391,22.37189849701963,4.70505617977528,0.9411764705882353,0.058823529411764705,2.2095272000005934,10.031472850001592,142.91015625,145.275390625,False,0,1,0.0,0.014084507042253521,2.2095272000005934,145.275390625
RANDOM_TOPOLOGICAL,COMMUTATION_PLUS_TEMPLATES,64,30,median,p95,391,391,22.791906777019662,5.333333333333334,0.959079283887468,0.04092071611253197,2.223895100003574,28.150960800001485,142.875,145.9296875,True,0,0,0.0,0.0,2.223895100003574,145.9296875
RANDOM_TOPOLOGICAL,COMMUTATION_PLUS_TEMPLATES,64,120,median,p95,391,391,22.87772352337794,5.555555555555558,0.9744245524296675,0.02557544757033248,2.2346729999990202,18.726503949999824,142.96484375,147.134765625,True,1,0,0.014084507042253521,0.0,2.2346729999990202,147.134765625
WCL,COMMUTATION_ONLY,4,1,median,p95,391,391,0.0,0.0,0.0,1.0,1.0432048000002396,1.0570796000001224,98.984375,106.787109375,False,4,2,0.056338028169014086,0.028169014084507043,1.0432048000002396,106.787109375
WCL,COMMUTATION_ONLY,4,10,median,p95,391,391,14.08863475816989,3.7921348314606695,0.9462915601023018,0.05370843989769821,2.1860655000054976,10.027217250000831,142.88671875,145.20703125,True,1,0,0.014084507042253521,0.0,2.1860655000054976,145.20703125
WCL,COMMUTATION_ONLY,4,30,median,p95,391,391,14.239104544732326,4.040404040404044,0.9718670076726342,0.028132992327365727,2.1981099999975413,19.22461159999716,142.98046875,146.92578125,False,1,1,0.014084507042253521,0.014084507042253521,2.1981099999975413,146.92578125
WCL,COMMUTATION_ONLY,4,120,median,p95,391,391,14.253615831288535,4.040404040404044,0.9744245524296675,0.02557544757033248,2.209780999997747,26.538231549998272,142.97265625,146.8203125,False,2,2,0.028169014084507043,0.028169014084507043,2.209780999997747,146.8203125
WCL,COMMUTATION_ONLY,16,1,median,p95,391,391,0.0,0.0,0.0,1.0,1.0435526999972353,1.0571511999951326,98.91796875,107.2109375,False,2,5,0.028169014084507043,0.07042253521126761,1.0435526999972353,107.2109375
WCL,COMMUTATION_ONLY,16,10,median,p95,391,391,15.517275487149913,3.7921348314606695,0.9462915601023018,0.05370843989769821,2.1829287000000477,10.025651250001829,142.97265625,145.400390625,True,0,0,0.0,0.0,2.1829287000000477,145.400390625
WCL,COMMUTATION_ONLY,16,30,median,p95,391,391,15.667745273712349,4.040404040404044,0.9718670076726342,0.028132992327365727,2.2372430999967037,22.422727499999382,142.9609375,147.078125,False,0,8,0.0,0.11267605633802817,2.2372430999967037,147.078125
WCL,COMMUTATION_ONLY,16,120,median,p95,391,391,15.682256560268558,4.040404040404044,0.9744245524296675,0.02557544757033248,2.199961299993447,17.93903904999695,142.9296875,146.96875,False,4,2,0.056338028169014086,0.028169014084507043,2.199961299993447,146.96875
WCL,COMMUTATION_ONLY,64,1,median,p95,391,391,0.0,0.0,0.0,1.0,1.0435532000010426,1.0587714499997674,98.84375,108.849609375,False,0,12,0.0,0.16901408450704225,1.0435532000010426,108.849609375
WCL,COMMUTATION_ONLY,64,10,median,p95,391,391,15.627466352783086,4.7752808988763995,0.9462915601023018,0.05370843989769821,2.200411000000031,10.026290999999219,142.98046875,145.23828125,True,1,0,0.014084507042253521,0.0,2.200411000000031,145.23828125
WCL,COMMUTATION_ONLY,64,30,median,p95,391,391,15.78444348545859,5.7046979865771785,0.969309462915601,0.030690537084398978,2.2136184999981197,19.911618850000195,142.953125,146.7421875,False,1,1,0.014084507042253521,0.014084507042253521,2.2136184999981197,146.7421875
WCL,COMMUTATION_ONLY,64,120,median,p95,391,391,15.81813635769255,5.72390572390572,0.9744245524296675,0.02557544757033248,2.1840515000076266,28.44409370000085,142.9375,147.056640625,True,3,0,0.04225352112676056,0.0,2.1840515000076266,147.056640625
WCL,COMMUTATION_PLUS_TEMPLATES,4,1,median,p95,391,391,0.0,0.0,0.0,1.0,1.0431010000011156,1.0574057000012544,98.90234375,108.59765625,False,2,7,0.028169014084507043,0.09859154929577464,1.0431010000011156,108.59765625
WCL,COMMUTATION_PLUS_TEMPLATES,4,10,median,p95,391,391,16.38573033317544,3.7921348314606695,0.9462915601023018,0.05370843989769821,2.2214889000024414,10.023509949998697,142.90625,145.43359375,False,0,1,0.0,0.014084507042253521,2.2214889000024414,145.43359375
WCL,COMMUTATION_PLUS_TEMPLATES,4,30,median,p95,391,391,16.487309339068915,4.026845637583898,0.9667519181585678,0.03324808184143223,2.190217300000768,22.118536200001813,142.9765625,145.552734375,True,5,0,0.07042253521126761,0.0,2.190217300000768,145.552734375
WCL,COMMUTATION_PLUS_TEMPLATES,4,120,median,p95,391,391,16.530843198737546,4.040404040404044,0.9744245524296675,0.02557544757033248,2.1912002000026405,26.699396600004548,143.015625,146.939453125,True,6,0,0.08450704225352113,0.0,2.1912002000026405,146.939453125
WCL,COMMUTATION_PLUS_TEMPLATES,16,1,median,p95,391,391,0.0,0.0,0.0,1.0,1.0430486999994173,1.0572358499994152,99.109375,106.8203125,False,5,2,0.07042253521126761,0.028169014084507043,1.0430486999994173,106.8203125
WCL,COMMUTATION_PLUS_TEMPLATES,16,10,median,p95,391,391,22.561545564916365,3.8028169014084456,0.948849104859335,0.05115089514066496,2.2060350999963703,9.958754849997376,142.98046875,145.185546875,True,4,0,0.056338028169014086,0.0,2.2060350999963703,145.185546875
WCL,COMMUTATION_PLUS_TEMPLATES,16,30,median,p95,391,391,22.535212714838003,4.0000000000000036,0.9616368286445013,0.03836317135549872,2.1992417000001296,27.469639949998964,143.00390625,146.73046875,False,0,2,0.0,0.028169014084507043,2.1992417000001296,146.73046875
WCL,COMMUTATION_PLUS_TEMPLATES,16,120,median,p95,391,391,22.706658430478466,4.040404040404044,0.9744245524296675,0.02557544757033248,2.1977975999980117,27.260637800005497,143.00390625,147.265625,True,0,0,0.0,0.0,2.1977975999980117,147.265625
WCL,COMMUTATION_PLUS_TEMPLATES,64,1,median,p95,391,391,0.0,0.0,0.0,1.0,1.0430286999981035,1.0566971500029467,98.796875,107.57421875,False,4,2,0.056338028169014086,0.028169014084507043,1.0430286999981035,107.57421875
WCL,COMMUTATION_PLUS_TEMPLATES,64,10,median,p95,391,391,22.674073866732662,4.7887323943662015,0.9462915601023018,0.05370843989769821,2.2375252000001637,10.027652850001687,142.9375,145.353515625,True,0,0,0.0,0.0,2.2375252000001637,145.353515625
WCL,COMMUTATION_PLUS_TEMPLATES,64,30,median,p95,391,391,22.77515248343454,5.7046979865771785,0.9641943734015346,0.03580562659846547,2.2145553000009386,24.508148449998544,142.9375,146.576171875,True,3,0,0.04225352112676056,0.0,2.2145553000009386,146.576171875
WCL,COMMUTATION_PLUS_TEMPLATES,64,120,median,p95,391,391,22.842538227902462,5.72390572390572,0.9744245524296675,0.02557544757033248,2.2059560000052443,17.946090249999997,142.95703125,147.15625,True,0,0,0.0,0.0,2.2059560000052443,147.15625
LBL,COMMUTATION_ONLY,4,1,p95,median,391,391,0.0,0.0,0.0,1.0,1.042472600005567,1.0577474499987147,98.78515625,106.20703125,False,2,3,0.028169014084507043,0.04225352112676056,1.0577474499987147,98.78515625
LBL,COMMUTATION_ONLY,4,10,p95,median,391,391,4.804587378251393,0.0,0.9462915601023018,0.05370843989769821,2.196008200000506,10.026057349998155,142.90234375,145.29296875,False,0,1,0.0,0.014084507042253521,10.026057349998155,142.90234375
LBL,COMMUTATION_ONLY,4,30,p95,median,391,391,4.914787321528124,0.0,0.9667519181585678,0.03324808184143223,2.2170814000019163,20.26053284999921,142.94921875,146.36328125,False,0,6,0.0,0.08450704225352113,20.26053284999921,142.94921875
LBL,COMMUTATION_ONLY,4,120,p95,median,391,391,4.958321181196754,0.0,0.9744245524296675,0.02557544757033248,2.1990648999926634,26.464222849997896,142.91015625,146.892578125,False,0,3,0.0,0.04225352112676056,26.464222849997896,142.91015625
LBL,COMMUTATION_ONLY,16,1,p95,median,391,391,0.0,0.0,0.0,1.0,1.0443205999999918,1.0580376500038255,98.55859375,106.37890625,True,4,0,0.056338028169014086,0.0,1.0580376500038255,98.55859375
LBL,COMMUTATION_ONLY,16,10,p95,median,391,391,14.687358985271565,0.29112081513827937,0.9411764705882353,0.058823529411764705,2.2042082999978447,10.030052999998588,142.8359375,145.28125,True,0,0,0.0,0.0,10.030052999998588,142.8359375
LBL,COMMUTATION_ONLY,16,30,p95,median,391,391,14.778298707737303,0.29112081513827937,0.9616368286445013,0.03836317135549872,2.186120200000005,18.346437549998882,142.9296875,146.71875,False,0,1,0.0,0.014084507042253521,18.346437549998882,142.9296875
LBL,COMMUTATION_ONLY,16,120,p95,median,391,391,14.850855140518354,3.7921348314606695,0.9744245524296675,0.02557544757033248,2.224381399995764,27.43162294999638,142.91796875,146.974609375,False,1,2,0.014084507042253521,0.028169014084507043,27.43162294999638,142.91796875
LBL,COMMUTATION_ONLY,64,1,p95,median,391,391,0.0,0.0,0.0,1.0,1.0433947000001353,1.0581623999964904,98.64453125,106.236328125,False,3,2,0.04225352112676056,0.028169014084507043,1.0581623999964904,98.64453125
LBL,COMMUTATION_ONLY,64,10,p95,median,391,391,15.64967199652275,4.7752808988763995,0.948849104859335,0.05115089514066496,2.200717200001236,9.006424099999833,142.9765625,145.396484375,True,1,0,0.014084507042253521,0.0,9.006424099999833,142.9765625
LBL,COMMUTATION_ONLY,64,30,p95,median,391,391,15.78444348545859,5.7046979865771785,0.969309462915601,0.030690537084398978,2.211296700000048,26.31738189999942,142.92578125,146.837890625,False,2,2,0.028169014084507043,0.028169014084507043,26.31738189999942,142.92578125
LBL,COMMUTATION_ONLY,64,120,p95,median,391,391,15.81813635769255,5.72390572390572,0.9744245524296675,0.02557544757033248,2.2160965999937616,19.837278199999787,143.0,146.767578125,False,0,3,0.0,0.04225352112676056,19.837278199999787,143.0
LBL,COMMUTATION_PLUS_TEMPLATES,4,1,p95,median,391,391,0.0,0.0,0.0,1.0,1.0456272000010358,1.058211349999965,98.71875,106.314453125,False,2,5,0.028169014084507043,0.07042253521126761,1.058211349999965,98.71875
LBL,COMMUTATION_PLUS_TEMPLATES,4,10,p95,median,391,391,7.725006249178906,0.0,0.948849104859335,0.05115089514066496,2.1887892999948235,9.315669799995703,142.90234375,145.369140625,True,1,0,0.014084507042253521,0.0,9.315669799995703,142.90234375
LBL,COMMUTATION_PLUS_TEMPLATES,4,30,p95,median,391,391,7.82658525507238,0.0,0.9667519181585678,0.03324808184143223,2.1712297999911243,18.60584475000087,142.94140625,146.796875,False,1,3,0.014084507042253521,0.04225352112676056,18.60584475000087,142.94140625
LBL,COMMUTATION_PLUS_TEMPLATES,4,120,p95,median,391,391,7.87011911474101,0.0,0.9744245524296675,0.02557544757033248,2.169358299999999,18.069912500006012,142.91015625,146.83984375,True,3,0,0.04225352112676056,0.0,18.069912500006012,142.91015625
LBL,COMMUTATION_PLUS_TEMPLATES,16,1,p95,median,391,391,0.0,0.0,0.0,1.0,1.0421168000029866,1.0568252500006565,98.69140625,105.435546875,True,10,0,0.14084507042253522,0.0,1.0568252500006565,98.69140625
LBL,COMMUTATION_PLUS_TEMPLATES,16,10,p95,median,391,391,22.521090522750185,3.8028169014084456,0.9462915601023018,0.05370843989769821,2.2219009999971604,10.02530475000458,142.93359375,145.201171875,True,3,0,0.04225352112676056,0.0,10.02530475000458,142.93359375
LBL,COMMUTATION_PLUS_TEMPLATES,16,30,p95,median,391,391,22.66694794282671,4.040404040404044,0.9744245524296675,0.02557544757033248,2.197088300003088,21.822295950001717,142.9609375,146.642578125,False,6,2,0.08450704225352113,0.028169014084507043,21.822295950001717,142.9609375
LBL,COMMUTATION_PLUS_TEMPLATES,16,120,p95,median,391,391,22.66694794282671,4.040404040404044,0.9744245524296675,0.02557544757033248,2.2039884999976493,27.1090600000025,142.94921875,146.78515625,False,4,1,0.056338028169014086,0.014084507042253521,27.1090600000025,142.94921875
LBL,COMMUTATION_PLUS_TEMPLATES,64,1,p95,median,391,391,0.0,0.0,0.0,1.0,1.0428452000051038,1.0571727000024111,98.6484375,108.55859375,True,7,0,0.09859154929577464,0.0,1.0571727000024111,98.6484375
LBL,COMMUTATION_PLUS_TEMPLATES,64,10,p95,median,391,391,22.65737843540881,4.7752808988763995,0.9411764705882353,0.058823529411764705,2.210421199997654,10.028869800000393,142.921875,145.12890625,True,0,0,0.0,0.0,10.028869800000393,142.921875
LBL,COMMUTATION_PLUS_TEMPLATES,64,30,p95,median,391,391,22.819714775707,5.7046979865771785,0.9667519181585678,0.03324808184143223,2.1767470999984653,21.554457650000586,142.953125,146.693359375,False,4,1,0.056338028169014086,0.014084507042253521,21.554457650000586,142.953125
LBL,COMMUTATION_PLUS_TEMPLATES,64,120,p95,median,391,391,22.870254084057937,5.72390572390572,0.9744245524296675,0.02557544757033248,2.242429300000367,17.938444100005654,142.94140625,146.765625,True,20,0,0.28169014084507044,0.0,17.938444100005654,142.94140625
RANDOM_TOPOLOGICAL,COMMUTATION_ONLY,4,1,p95,median,391,391,0.0,0.0,0.0,1.0,1.0439511000004131,1.0577203499997267,98.93359375,106.5,False,0,6,0.0,0.08450704225352113,1.0577203499997267,98.93359375
RANDOM_TOPOLOGICAL,COMMUTATION_ONLY,4,10,p95,median,391,391,11.25617065989542,0.0,0.948849104859335,0.05115089514066496,2.1867363999999725,9.395521300000382,142.9609375,145.31640625,True,0,0,0.0,0.0,9.395521300000382,142.9609375
RANDOM_TOPOLOGICAL,COMMUTATION_ONLY,4,30,p95,median,391,391,11.338206687917213,2.5352112676056304,0.9641943734015346,0.03580562659846547,2.2247015999964788,20.325281450001967,142.9375,146.9375,False,0,3,0.0,0.04225352112676056,20.325281450001967,142.9375
RANDOM_TOPOLOGICAL,COMMUTATION_ONLY,4,120,p95,median,391,391,11.392109723611641,2.94943820224719,0.9744245524296675,0.02557544757033248,2.221567500004312,19.71964394999702,142.9296875,147.091796875,False,2,1,0.028169014084507043,0.014084507042253521,19.71964394999702,142.9296875
RANDOM_TOPOLOGICAL,COMMUTATION_ONLY,16,1,p95,median,391,391,0.0,0.0,0.0,1.0,1.043701400005375,1.057415500003117,98.6171875,105.712890625,True,6,0,0.08450704225352113,0.0,1.057415500003117,98.6171875
RANDOM_TOPOLOGICAL,COMMUTATION_ONLY,16,10,p95,median,391,391,15.450035110710253,3.3802816901408406,0.9437340153452686,0.056265984654731455,2.2074090000005526,10.027106349996757,142.9453125,145.1484375,False,0,3,0.0,0.04225352112676056,10.027106349996757,142.9453125
RANDOM_TOPOLOGICAL,COMMUTATION_ONLY,16,30,p95,median,391,391,15.514526076977134,3.8787023977433055,0.9565217391304348,0.043478260869565216,2.2117983999996795,28.396786199999042,142.953125,146.541015625,False,0,13,0.0,0.18309859154929578,28.396786199999042,142.953125
RANDOM_TOPOLOGICAL,COMMUTATION_ONLY,16,120,p95,median,391,391,15.626201560024795,4.194630872483218,0.9744245524296675,0.02557544757033248,2.214487299999746,19.13371794999739,142.953125,146.923828125,False,5,2,0.07042253521126761,0.028169014084507043,19.13371794999739,142.953125
RANDOM_TOPOLOGICAL,COMMUTATION_ONLY,64,1,p95,median,391,391,0.0,0.0,0.0,1.0,1.0422099999996135,1.0565887500015378,98.9765625,108.568359375,True,3,0,0.04225352112676056,0.0,1.0565887500015378,98.9765625
RANDOM_TOPOLOGICAL,COMMUTATION_ONLY,64,10,p95,median,391,391,15.641410723940739,4.724964739069115,0.9462915601023018,0.05370843989769821,2.219677399999455,10.03039484999681,142.91796875,145.294921875,False,0,2,0.0,0.028169014084507043,10.03039484999681,142.91796875
RANDOM_TOPOLOGICAL,COMMUTATION_ONLY,64,30,p95,median,391,391,15.756830082567983,5.333333333333334,0.9641943734015346,0.03580562659846547,2.2172959000017727,23.36104925000336,142.94140625,146.6484375,False,2,4,0.028169014084507043,0.056338028169014086,23.36104925000336,142.94140625
RANDOM_TOPOLOGICAL,COMMUTATION_ONLY,64,120,p95,median,391,391,15.825605797012555,5.555555555555558,0.9744245524296675,0.02557544757033248,2.2262693000084255,21.23747290000574,142.89453125,147.041015625,False,10,1,0.14084507042253522,0.014084507042253521,21.23747290000574,142.89453125
RANDOM_TOPOLOGICAL,COMMUTATION_PLUS_TEMPLATES,4,1,p95,median,391,391,0.0,0.0,0.0,1.0,1.0438315000064904,1.0563471000023128,99.42578125,108.330078125,True,0,0,0.0,0.0,1.0563471000023128,99.42578125
RANDOM_TOPOLOGICAL,COMMUTATION_PLUS_TEMPLATES,4,10,p95,median,391,391,14.6409052983005,1.2422360248447228,0.948849104859335,0.05115089514066496,2.2029337999993004,9.666434699996898,142.94140625,145.2265625,True,0,0,0.0,0.0,9.666434699996898,142.94140625
RANDOM_TOPOLOGICAL,COMMUTATION_PLUS_TEMPLATES,4,30,p95,median,391,391,14.510635956020735,2.94943820224719,0.9641943734015346,0.03580562659846547,2.215287700000772,27.601578350000636,142.984375,146.6328125,False,0,19,0.0,0.2676056338028169,27.601578350000636,142.984375
RANDOM_TOPOLOGICAL,COMMUTATION_PLUS_TEMPLATES,4,120,p95,median,391,391,14.776844362016726,2.970297029702973,0.9744245524296675,0.02557544757033248,2.2389280000061262,27.133839199992508,142.95703125,147.15234375,False,1,7,0.014084507042253521,0.09859154929577464,27.133839199992508,142.95703125
RANDOM_TOPOLOGICAL,COMMUTATION_PLUS_TEMPLATES,16,1,p95,median,391,391,0.0,0.0,0.0,1.0,1.0434823000032338,1.0583774499991705,98.87890625,108.685546875,False,0,8,0.0,0.11267605633802817,1.0583774499991705,98.87890625
RANDOM_TOPOLOGICAL,COMMUTATION_PLUS_TEMPLATES,16,10,p95,median,391,391,22.47607759040326,3.7921348314606695,0.9462915601023018,0.05370843989769821,2.236048099992331,10.02691579999373,142.91015625,145.162109375,True,3,0,0.04225352112676056,0.0,10.02691579999373,142.91015625
RANDOM_TOPOLOGICAL,COMMUTATION_PLUS_TEMPLATES,16,30,p95,median,391,391,22.57934633039527,4.040404040404044,0.9667519181585678,0.03324808184143223,2.199296399994637,18.644658200001004,142.91796875,146.7265625,True,7,0,0.09859154929577464,0.0,18.644658200001004,142.91796875
RANDOM_TOPOLOGICAL,COMMUTATION_PLUS_TEMPLATES,16,120,p95,median,391,391,22.622880190063906,4.194630872483218,0.9744245524296675,0.02557544757033248,2.1884116000001086,20.43699959999958,142.86328125,147.01953125,True,14,0,0.19718309859154928,0.0,20.43699959999958,142.86328125
RANDOM_TOPOLOGICAL,COMMUTATION_PLUS_TEMPLATES,64,1,p95,median,391,391,0.0,0.0,0.0,1.0,1.0426596999968751,1.0569717500002298,99.0859375,107.705078125,False,1,3,0.014084507042253521,0.04225352112676056,1.0569717500002298,99.0859375
RANDOM_TOPOLOGICAL,COMMUTATION_PLUS_TEMPLATES,64,10,p95,median,391,391,22.37189849701963,4.70505617977528,0.9411764705882353,0.058823529411764705,2.2095272000005934,10.031472850001592,142.91015625,145.275390625,False,0,1,0.0,0.014084507042253521,10.031472850001592,142.91015625
RANDOM_TOPOLOGICAL,COMMUTATION_PLUS_TEMPLATES,64,30,p95,median,391,391,22.791906777019662,5.333333333333334,0.959079283887468,0.04092071611253197,2.223895100003574,28.150960800001485,142.875,145.9296875,True,1,0,0.014084507042253521,0.0,28.150960800001485,142.875
RANDOM_TOPOLOGICAL,COMMUTATION_PLUS_TEMPLATES,64,120,p95,median,391,391,22.87772352337794,5.555555555555558,0.9744245524296675,0.02557544757033248,2.2346729999990202,18.726503949999824,142.96484375,147.134765625,True,8,0,0.11267605633802817,0.0,18.726503949999824,142.96484375
WCL,COMMUTATION_ONLY,4,1,p95,median,391,391,0.0,0.0,0.0,1.0,1.0432048000002396,1.0570796000001224,98.984375,106.787109375,False,1,3,0.014084507042253521,0.04225352112676056,1.0570796000001224,98.984375
WCL,COMMUTATION_ONLY,4,10,p95,median,391,391,14.08863475816989,3.7921348314606695,0.9462915601023018,0.05370843989769821,2.1860655000054976,10.027217250000831,142.88671875,145.20703125,True,0,0,0.0,0.0,10.027217250000831,142.88671875
WCL,COMMUTATION_ONLY,4,30,p95,median,391,391,14.239104544732326,4.040404040404044,0.9718670076726342,0.028132992327365727,2.1981099999975413,19.22461159999716,142.98046875,146.92578125,False,0,5,0.0,0.07042253521126761,19.22461159999716,142.98046875
WCL,COMMUTATION_ONLY,4,120,p95,median,391,391,14.253615831288535,4.040404040404044,0.9744245524296675,0.02557544757033248,2.209780999997747,26.538231549998272,142.97265625,146.8203125,False,0,8,0.0,0.11267605633802817,26.538231549998272,142.97265625
WCL,COMMUTATION_ONLY,16,1,p95,median,391,391,0.0,0.0,0.0,1.0,1.0435526999972353,1.0571511999951326,98.91796875,107.2109375,False,2,2,0.028169014084507043,0.028169014084507043,1.0571511999951326,98.91796875
WCL,COMMUTATION_ONLY,16,10,p95,median,391,391,15.517275487149913,3.7921348314606695,0.9462915601023018,0.05370843989769821,2.1829287000000477,10.025651250001829,142.97265625,145.400390625,False,0,2,0.0,0.028169014084507043,10.025651250001829,142.97265625
WCL,COMMUTATION_ONLY,16,30,p95,median,391,391,15.667745273712349,4.040404040404044,0.9718670076726342,0.028132992327365727,2.2372430999967037,22.422727499999382,142.9609375,147.078125,False,1,6,0.014084507042253521,0.08450704225352113,22.422727499999382,142.9609375
WCL,COMMUTATION_ONLY,16,120,p95,median,391,391,15.682256560268558,4.040404040404044,0.9744245524296675,0.02557544757033248,2.199961299993447,17.93903904999695,142.9296875,146.96875,True,12,0,0.16901408450704225,0.0,17.93903904999695,142.9296875
WCL,COMMUTATION_ONLY,64,1,p95,median,391,391,0.0,0.0,0.0,1.0,1.0435532000010426,1.0587714499997674,98.84375,108.849609375,False,0,8,0.0,0.11267605633802817,1.0587714499997674,98.84375
WCL,COMMUTATION_ONLY,64,10,p95,median,391,391,15.627466352783086,4.7752808988763995,0.9462915601023018,0.05370843989769821,2.200411000000031,10.026290999999219,142.98046875,145.23828125,False,0,4,0.0,0.056338028169014086,10.026290999999219,142.98046875
WCL,COMMUTATION_ONLY,64,30,p95,median,391,391,15.78444348545859,5.7046979865771785,0.969309462915601,0.030690537084398978,2.2136184999981197,19.911618850000195,142.953125,146.7421875,False,2,1,0.028169014084507043,0.014084507042253521,19.911618850000195,142.953125
WCL,COMMUTATION_ONLY,64,120,p95,median,391,391,15.81813635769255,5.72390572390572,0.9744245524296675,0.02557544757033248,2.1840515000076266,28.44409370000085,142.9375,147.056640625,False,0,2,0.0,0.028169014084507043,28.44409370000085,142.9375
WCL,COMMUTATION_PLUS_TEMPLATES,4,1,p95,median,391,391,0.0,0.0,0.0,1.0,1.0431010000011156,1.0574057000012544,98.90234375,108.59765625,False,1,3,0.014084507042253521,0.04225352112676056,1.0574057000012544,98.90234375
WCL,COMMUTATION_PLUS_TEMPLATES,4,10,p95,median,391,391,16.38573033317544,3.7921348314606695,0.9462915601023018,0.05370843989769821,2.2214889000024414,10.023509949998697,142.90625,145.43359375,True,4,0,0.056338028169014086,0.0,10.023509949998697,142.90625
WCL,COMMUTATION_PLUS_TEMPLATES,4,30,p95,median,391,391,16.487309339068915,4.026845637583898,0.9667519181585678,0.03324808184143223,2.190217300000768,22.118536200001813,142.9765625,145.552734375,False,1,7,0.014084507042253521,0.09859154929577464,22.118536200001813,142.9765625
WCL,COMMUTATION_PLUS_TEMPLATES,4,120,p95,median,391,391,16.530843198737546,4.040404040404044,0.9744245524296675,0.02557544757033248,2.1912002000026405,26.699396600004548,143.015625,146.939453125,False,0,5,0.0,0.07042253521126761,26.699396600004548,143.015625
WCL,COMMUTATION_PLUS_TEMPLATES,16,1,p95,median,391,391,0.0,0.0,0.0,1.0,1.0430486999994173,1.0572358499994152,99.109375,106.8203125,False,0,7,0.0,0.09859154929577464,1.0572358499994152,99.109375
WCL,COMMUTATION_PLUS_TEMPLATES,16,10,p95,median,391,391,22.561545564916365,3.8028169014084456,0.948849104859335,0.05115089514066496,2.2060350999963703,9.958754849997376,142.98046875,145.185546875,True,1,0,0.014084507042253521,0.0,9.958754849997376,142.98046875
WCL,COMMUTATION_PLUS_TEMPLATES,16,30,p95,median,391,391,22.535212714838003,4.0000000000000036,0.9616368286445013,0.03836317135549872,2.1992417000001296,27.469639949998964,143.00390625,146.73046875,False,0,10,0.0,0.14084507042253522,27.469639949998964,143.00390625
WCL,COMMUTATION_PLUS_TEMPLATES,16,120,p95,median,391,391,22.706658430478466,4.040404040404044,0.9744245524296675,0.02557544757033248,2.1977975999980117,27.260637800005497,143.00390625,147.265625,False,1,3,0.014084507042253521,0.04225352112676056,27.260637800005497,143.00390625
WCL,COMMUTATION_PLUS_TEMPLATES,64,1,p95,median,391,391,0.0,0.0,0.0,1.0,1.0430286999981035,1.0566971500029467,98.796875,107.57421875,True,8,0,0.11267605633802817,0.0,1.0566971500029467,98.796875
WCL,COMMUTATION_PLUS_TEMPLATES,64,10,p95,median,391,391,22.674073866732662,4.7887323943662015,0.9462915601023018,0.05370843989769821,2.2375252000001637,10.027652850001687,142.9375,145.353515625,True,0,0,0.0,0.0,10.027652850001687,142.9375
WCL,COMMUTATION_PLUS_TEMPLATES,64,30,p95,median,391,391,22.77515248343454,5.7046979865771785,0.9641943734015346,0.03580562659846547,2.2145553000009386,24.508148449998544,142.9375,146.576171875,True,3,0,0.04225352112676056,0.0,24.508148449998544,142.9375
WCL,COMMUTATION_PLUS_TEMPLATES,64,120,p95,median,391,391,22.842538227902462,5.72390572390572,0.9744245524296675,0.02557544757033248,2.2059560000052443,17.946090249999997,142.95703125,147.15625,False,11,1,0.15492957746478872,0.014084507042253521,17.946090249999997,142.95703125
LBL,COMMUTATION_ONLY,4,1,p95,p95,391,391,0.0,0.0,0.0,1.0,1.042472600005567,1.0577474499987147,98.78515625,106.20703125,False,5,2,0.07042253521126761,0.028169014084507043,1.0577474499987147,106.20703125
LBL,COMMUTATION_ONLY,4,10,p95,p95,391,391,4.804587378251393,0.0,0.9462915601023018,0.05370843989769821,2.196008200000506,10.026057349998155,142.90234375,145.29296875,False,0,3,0.0,0.04225352112676056,10.026057349998155,145.29296875
LBL,COMMUTATION_ONLY,4,30,p95,p95,391,391,4.914787321528124,0.0,0.9667519181585678,0.03324808184143223,2.2170814000019163,20.26053284999921,142.94921875,146.36328125,True,0,0,0.0,0.0,20.26053284999921,146.36328125
LBL,COMMUTATION_ONLY,4,120,p95,p95,391,391,4.958321181196754,0.0,0.9744245524296675,0.02557544757033248,2.1990648999926634,26.464222849997896,142.91015625,146.892578125,False,0,4,0.0,0.056338028169014086,26.464222849997896,146.892578125
LBL,COMMUTATION_ONLY,16,1,p95,p95,391,391,0.0,0.0,0.0,1.0,1.0443205999999918,1.0580376500038255,98.55859375,106.37890625,False,2,3,0.028169014084507043,0.04225352112676056,1.0580376500038255,106.37890625
LBL,COMMUTATION_ONLY,16,10,p95,p95,391,391,14.687358985271565,0.29112081513827937,0.9411764705882353,0.058823529411764705,2.2042082999978447,10.030052999998588,142.8359375,145.28125,False,0,6,0.0,0.08450704225352113,10.030052999998588,145.28125
LBL,COMMUTATION_ONLY,16,30,p95,p95,391,391,14.778298707737303,0.29112081513827937,0.9616368286445013,0.03836317135549872,2.186120200000005,18.346437549998882,142.9296875,146.71875,True,0,0,0.0,0.0,18.346437549998882,146.71875
LBL,COMMUTATION_ONLY,16,120,p95,p95,391,391,14.850855140518354,3.7921348314606695,0.9744245524296675,0.02557544757033248,2.224381399995764,27.43162294999638,142.91796875,146.974609375,False,0,7,0.0,0.09859154929577464,27.43162294999638,146.974609375
LBL,COMMUTATION_ONLY,64,1,p95,p95,391,391,0.0,0.0,0.0,1.0,1.0433947000001353,1.0581623999964904,98.64453125,106.236328125,False,3,3,0.04225352112676056,0.04225352112676056,1.0581623999964904,106.236328125
LBL,COMMUTATION_ONLY,64,10,p95,p95,391,391,15.64967199652275,4.7752808988763995,0.948849104859335,0.05115089514066496,2.200717200001236,9.006424099999833,142.9765625,145.396484375,True,1,0,0.014084507042253521,0.0,9.006424099999833,145.396484375
LBL,COMMUTATION_ONLY,64,30,p95,p95,391,391,15.78444348545859,5.7046979865771785,0.969309462915601,0.030690537084398978,2.211296700000048,26.31738189999942,142.92578125,146.837890625,False,0,4,0.0,0.056338028169014086,26.31738189999942,146.837890625
LBL,COMMUTATION_ONLY,64,120,p95,p95,391,391,15.81813635769255,5.72390572390572,0.9744245524296675,0.02557544757033248,2.2160965999937616,19.837278199999787,143.0,146.767578125,False,8,1,0.11267605633802817,0.014084507042253521,19.837278199999787,146.767578125
LBL,COMMUTATION_PLUS_TEMPLATES,4,1,p95,p95,391,391,0.0,0.0,0.0,1.0,1.0456272000010358,1.058211349999965,98.71875,106.314453125,False,2,4,0.028169014084507043,0.056338028169014086,1.058211349999965,106.314453125
LBL,COMMUTATION_PLUS_TEMPLATES,4,10,p95,p95,391,391,7.725006249178906,0.0,0.948849104859335,0.05115089514066496,2.1887892999948235,9.315669799995703,142.90234375,145.369140625,True,0,0,0.0,0.0,9.315669799995703,145.369140625
LBL,COMMUTATION_PLUS_TEMPLATES,4,30,p95,p95,391,391,7.82658525507238,0.0,0.9667519181585678,0.03324808184143223,2.1712297999911243,18.60584475000087,142.94140625,146.796875,False,0,1,0.0,0.014084507042253521,18.60584475000087,146.796875
LBL,COMMUTATION_PLUS_TEMPLATES,4,120,p95,p95,391,391,7.87011911474101,0.0,0.9744245524296675,0.02557544757033248,2.169358299999999,18.069912500006012,142.91015625,146.83984375,False,1,1,0.014084507042253521,0.014084507042253521,18.069912500006012,146.83984375
LBL,COMMUTATION_PLUS_TEMPLATES,16,1,p95,p95,391,391,0.0,0.0,0.0,1.0,1.0421168000029866,1.0568252500006565,98.69140625,105.435546875,True,14,0,0.19718309859154928,0.0,1.0568252500006565,105.435546875
LBL,COMMUTATION_PLUS_TEMPLATES,16,10,p95,p95,391,391,22.521090522750185,3.8028169014084456,0.9462915601023018,0.05370843989769821,2.2219009999971604,10.02530475000458,142.93359375,145.201171875,False,7,1,0.09859154929577464,0.014084507042253521,10.02530475000458,145.201171875
LBL,COMMUTATION_PLUS_TEMPLATES,16,30,p95,p95,391,391,22.66694794282671,4.040404040404044,0.9744245524296675,0.02557544757033248,2.197088300003088,21.822295950001717,142.9609375,146.642578125,True,11,0,0.15492957746478872,0.0,21.822295950001717,146.642578125
LBL,COMMUTATION_PLUS_TEMPLATES,16,120,p95,p95,391,391,22.66694794282671,4.040404040404044,0.9744245524296675,0.02557544757033248,2.2039884999976493,27.1090600000025,142.94921875,146.78515625,False,3,2,0.04225352112676056,0.028169014084507043,27.1090600000025,146.78515625
LBL,COMMUTATION_PLUS_TEMPLATES,64,1,p95,p95,391,391,0.0,0.0,0.0,1.0,1.0428452000051038,1.0571727000024111,98.6484375,108.55859375,False,3,6,0.04225352112676056,0.08450704225352113,1.0571727000024111,108.55859375
LBL,COMMUTATION_PLUS_TEMPLATES,64,10,p95,p95,391,391,22.65737843540881,4.7752808988763995,0.9411764705882353,0.058823529411764705,2.210421199997654,10.028869800000393,142.921875,145.12890625,True,2,0,0.028169014084507043,0.0,10.028869800000393,145.12890625
LBL,COMMUTATION_PLUS_TEMPLATES,64,30,p95,p95,391,391,22.819714775707,5.7046979865771785,0.9667519181585678,0.03324808184143223,2.1767470999984653,21.554457650000586,142.953125,146.693359375,True,1,0,0.014084507042253521,0.0,21.554457650000586,146.693359375
LBL,COMMUTATION_PLUS_TEMPLATES,64,120,p95,p95,391,391,22.870254084057937,5.72390572390572,0.9744245524296675,0.02557544757033248,2.242429300000367,17.938444100005654,142.94140625,146.765625,True,21,0,0.29577464788732394,0.0,17.938444100005654,146.765625
RANDOM_TOPOLOGICAL,COMMUTATION_ONLY,4,1,p95,p95,391,391,0.0,0.0,0.0,1.0,1.0439511000004131,1.0577203499997267,98.93359375,106.5,False,2,2,0.028169014084507043,0.028169014084507043,1.0577203499997267,106.5
RANDOM_TOPOLOGICAL,COMMUTATION_ONLY,4,10,p95,p95,391,391,11.25617065989542,0.0,0.948849104859335,0.05115089514066496,2.1867363999999725,9.395521300000382,142.9609375,145.31640625,True,0,0,0.0,0.0,9.395521300000382,145.31640625
RANDOM_TOPOLOGICAL,COMMUTATION_ONLY,4,30,p95,p95,391,391,11.338206687917213,2.5352112676056304,0.9641943734015346,0.03580562659846547,2.2247015999964788,20.325281450001967,142.9375,146.9375,False,0,6,0.0,0.08450704225352113,20.325281450001967,146.9375
RANDOM_TOPOLOGICAL,COMMUTATION_ONLY,4,120,p95,p95,391,391,11.392109723611641,2.94943820224719,0.9744245524296675,0.02557544757033248,2.221567500004312,19.71964394999702,142.9296875,147.091796875,False,0,3,0.0,0.04225352112676056,19.71964394999702,147.091796875
RANDOM_TOPOLOGICAL,COMMUTATION_ONLY,16,1,p95,p95,391,391,0.0,0.0,0.0,1.0,1.043701400005375,1.057415500003117,98.6171875,105.712890625,False,7,1,0.09859154929577464,0.014084507042253521,1.057415500003117,105.712890625
RANDOM_TOPOLOGICAL,COMMUTATION_ONLY,16,10,p95,p95,391,391,15.450035110710253,3.3802816901408406,0.9437340153452686,0.056265984654731455,2.2074090000005526,10.027106349996757,142.9453125,145.1484375,True,1,0,0.014084507042253521,0.0,10.027106349996757,145.1484375
RANDOM_TOPOLOGICAL,COMMUTATION_ONLY,16,30,p95,p95,391,391,15.514526076977134,3.8787023977433055,0.9565217391304348,0.043478260869565216,2.2117983999996795,28.396786199999042,142.953125,146.541015625,False,0,2,0.0,0.028169014084507043,28.396786199999042,146.541015625
RANDOM_TOPOLOGICAL,COMMUTATION_ONLY,16,120,p95,p95,391,391,15.626201560024795,4.194630872483218,0.9744245524296675,0.02557544757033248,2.214487299999746,19.13371794999739,142.953125,146.923828125,False,5,1,0.07042253521126761,0.014084507042253521,19.13371794999739,146.923828125
RANDOM_TOPOLOGICAL,COMMUTATION_ONLY,64,1,p95,p95,391,391,0.0,0.0,0.0,1.0,1.0422099999996135,1.0565887500015378,98.9765625,108.568359375,False,3,1,0.04225352112676056,0.014084507042253521,1.0565887500015378,108.568359375
RANDOM_TOPOLOGICAL,COMMUTATION_ONLY,64,10,p95,p95,391,391,15.641410723940739,4.724964739069115,0.9462915601023018,0.05370843989769821,2.219677399999455,10.03039484999681,142.91796875,145.294921875,False,0,3,0.0,0.04225352112676056,10.03039484999681,145.294921875
RANDOM_TOPOLOGICAL,COMMUTATION_ONLY,64,30,p95,p95,391,391,15.756830082567983,5.333333333333334,0.9641943734015346,0.03580562659846547,2.2172959000017727,23.36104925000336,142.94140625,146.6484375,False,0,2,0.0,0.028169014084507043,23.36104925000336,146.6484375
RANDOM_TOPOLOGICAL,COMMUTATION_ONLY,64,120,p95,p95,391,391,15.825605797012555,5.555555555555558,0.9744245524296675,0.02557544757033248,2.2262693000084255,21.23747290000574,142.89453125,147.041015625,False,3,2,0.04225352112676056,0.028169014084507043,21.23747290000574,147.041015625
RANDOM_TOPOLOGICAL,COMMUTATION_PLUS_TEMPLATES,4,1,p95,p95,391,391,0.0,0.0,0.0,1.0,1.0438315000064904,1.0563471000023128,99.42578125,108.330078125,True,5,0,0.07042253521126761,0.0,1.0563471000023128,108.330078125
RANDOM_TOPOLOGICAL,COMMUTATION_PLUS_TEMPLATES,4,10,p95,p95,391,391,14.6409052983005,1.2422360248447228,0.948849104859335,0.05115089514066496,2.2029337999993004,9.666434699996898,142.94140625,145.2265625,True,1,0,0.014084507042253521,0.0,9.666434699996898,145.2265625
RANDOM_TOPOLOGICAL,COMMUTATION_PLUS_TEMPLATES,4,30,p95,p95,391,391,14.510635956020735,2.94943820224719,0.9641943734015346,0.03580562659846547,2.215287700000772,27.601578350000636,142.984375,146.6328125,False,0,2,0.0,0.028169014084507043,27.601578350000636,146.6328125
RANDOM_TOPOLOGICAL,COMMUTATION_PLUS_TEMPLATES,4,120,p95,p95,391,391,14.776844362016726,2.970297029702973,0.9744245524296675,0.02557544757033248,2.2389280000061262,27.133839199992508,142.95703125,147.15234375,False,0,10,0.0,0.14084507042253522,27.133839199992508,147.15234375
RANDOM_TOPOLOGICAL,COMMUTATION_PLUS_TEMPLATES,16,1,p95,p95,391,391,0.0,0.0,0.0,1.0,1.0434823000032338,1.0583774499991705,98.87890625,108.685546875,False,1,16,0.014084507042253521,0.22535211267605634,1.0583774499991705,108.685546875
RANDOM_TOPOLOGICAL,COMMUTATION_PLUS_TEMPLATES,16,10,p95,p95,391,391,22.47607759040326,3.7921348314606695,0.9462915601023018,0.05370843989769821,2.236048099992331,10.02691579999373,142.91015625,145.162109375,True,4,0,0.056338028169014086,0.0,10.02691579999373,145.162109375
RANDOM_TOPOLOGICAL,COMMUTATION_PLUS_TEMPLATES,16,30,p95,p95,391,391,22.57934633039527,4.040404040404044,0.9667519181585678,0.03324808184143223,2.199296399994637,18.644658200001004,142.91796875,146.7265625,True,2,0,0.028169014084507043,0.0,18.644658200001004,146.7265625
RANDOM_TOPOLOGICAL,COMMUTATION_PLUS_TEMPLATES,16,120,p95,p95,391,391,22.622880190063906,4.194630872483218,0.9744245524296675,0.02557544757033248,2.1884116000001086,20.43699959999958,142.86328125,147.01953125,False,4,1,0.056338028169014086,0.014084507042253521,20.43699959999958,147.01953125
RANDOM_TOPOLOGICAL,COMMUTATION_PLUS_TEMPLATES,64,1,p95,p95,391,391,0.0,0.0,0.0,1.0,1.0426596999968751,1.0569717500002298,99.0859375,107.705078125,False,4,2,0.056338028169014086,0.028169014084507043,1.0569717500002298,107.705078125
RANDOM_TOPOLOGICAL,COMMUTATION_PLUS_TEMPLATES,64,10,p95,p95,391,391,22.37189849701963,4.70505617977528,0.9411764705882353,0.058823529411764705,2.2095272000005934,10.031472850001592,142.91015625,145.275390625,False,0,4,0.0,0.056338028169014086,10.031472850001592,145.275390625
RANDOM_TOPOLOGICAL,COMMUTATION_PLUS_TEMPLATES,64,30,p95,p95,391,391,22.791906777019662,5.333333333333334,0.959079283887468,0.04092071611253197,2.223895100003574,28.150960800001485,142.875,145.9296875,True,1,0,0.014084507042253521,0.0,28.150960800001485,145.9296875
RANDOM_TOPOLOGICAL,COMMUTATION_PLUS_TEMPLATES,64,120,p95,p95,391,391,22.87772352337794,5.555555555555558,0.9744245524296675,0.02557544757033248,2.2346729999990202,18.726503949999824,142.96484375,147.134765625,True,2,0,0.028169014084507043,0.0,18.726503949999824,147.134765625
WCL,COMMUTATION_ONLY,4,1,p95,p95,391,391,0.0,0.0,0.0,1.0,1.0432048000002396,1.0570796000001224,98.984375,106.787109375,False,6,1,0.08450704225352113,0.014084507042253521,1.0570796000001224,106.787109375
WCL,COMMUTATION_ONLY,4,10,p95,p95,391,391,14.08863475816989,3.7921348314606695,0.9462915601023018,0.05370843989769821,2.1860655000054976,10.027217250000831,142.88671875,145.20703125,False,0,3,0.0,0.04225352112676056,10.027217250000831,145.20703125
WCL,COMMUTATION_ONLY,4,30,p95,p95,391,391,14.239104544732326,4.040404040404044,0.9718670076726342,0.028132992327365727,2.1981099999975413,19.22461159999716,142.98046875,146.92578125,False,1,2,0.014084507042253521,0.028169014084507043,19.22461159999716,146.92578125
WCL,COMMUTATION_ONLY,4,120,p95,p95,391,391,14.253615831288535,4.040404040404044,0.9744245524296675,0.02557544757033248,2.209780999997747,26.538231549998272,142.97265625,146.8203125,False,0,3,0.0,0.04225352112676056,26.538231549998272,146.8203125
WCL,COMMUTATION_ONLY,16,1,p95,p95,391,391,0.0,0.0,0.0,1.0,1.0435526999972353,1.0571511999951326,98.91796875,107.2109375,False,4,2,0.056338028169014086,0.028169014084507043,1.0571511999951326,107.2109375
WCL,COMMUTATION_ONLY,16,10,p95,p95,391,391,15.517275487149913,3.7921348314606695,0.9462915601023018,0.05370843989769821,2.1829287000000477,10.025651250001829,142.97265625,145.400390625,False,0,3,0.0,0.04225352112676056,10.025651250001829,145.400390625
WCL,COMMUTATION_ONLY,16,30,p95,p95,391,391,15.667745273712349,4.040404040404044,0.9718670076726342,0.028132992327365727,2.2372430999967037,22.422727499999382,142.9609375,147.078125,False,0,6,0.0,0.08450704225352113,22.422727499999382,147.078125
WCL,COMMUTATION_ONLY,16,120,p95,p95,391,391,15.682256560268558,4.040404040404044,0.9744245524296675,0.02557544757033248,2.199961299993447,17.93903904999695,142.9296875,146.96875,False,4,1,0.056338028169014086,0.014084507042253521,17.93903904999695,146.96875
WCL,COMMUTATION_ONLY,64,1,p95,p95,391,391,0.0,0.0,0.0,1.0,1.0435532000010426,1.0587714499997674,98.84375,108.849609375,False,0,17,0.0,0.23943661971830985,1.0587714499997674,108.849609375
WCL,COMMUTATION_ONLY,64,10,p95,p95,391,391,15.627466352783086,4.7752808988763995,0.9462915601023018,0.05370843989769821,2.200411000000031,10.026290999999219,142.98046875,145.23828125,False,1,2,0.014084507042253521,0.028169014084507043,10.026290999999219,145.23828125
WCL,COMMUTATION_ONLY,64,30,p95,p95,391,391,15.78444348545859,5.7046979865771785,0.969309462915601,0.030690537084398978,2.2136184999981197,19.911618850000195,142.953125,146.7421875,True,2,0,0.028169014084507043,0.0,19.911618850000195,146.7421875
WCL,COMMUTATION_ONLY,64,120,p95,p95,391,391,15.81813635769255,5.72390572390572,0.9744245524296675,0.02557544757033248,2.1840515000076266,28.44409370000085,142.9375,147.056640625,False,0,7,0.0,0.09859154929577464,28.44409370000085,147.056640625
WCL,COMMUTATION_PLUS_TEMPLATES,4,1,p95,p95,391,391,0.0,0.0,0.0,1.0,1.0431010000011156,1.0574057000012544,98.90234375,108.59765625,False,2,9,0.028169014084507043,0.1267605633802817,1.0574057000012544,108.59765625
WCL,COMMUTATION_PLUS_TEMPLATES,4,10,p95,p95,391,391,16.38573033317544,3.7921348314606695,0.9462915601023018,0.05370843989769821,2.2214889000024414,10.023509949998697,142.90625,145.43359375,False,0,1,0.0,0.014084507042253521,10.023509949998697,145.43359375
WCL,COMMUTATION_PLUS_TEMPLATES,4,30,p95,p95,391,391,16.487309339068915,4.026845637583898,0.9667519181585678,0.03324808184143223,2.190217300000768,22.118536200001813,142.9765625,145.552734375,True,3,0,0.04225352112676056,0.0,22.118536200001813,145.552734375
WCL,COMMUTATION_PLUS_TEMPLATES,4,120,p95,p95,391,391,16.530843198737546,4.040404040404044,0.9744245524296675,0.02557544757033248,2.1912002000026405,26.699396600004548,143.015625,146.939453125,False,3,2,0.04225352112676056,0.028169014084507043,26.699396600004548,146.939453125
WCL,COMMUTATION_PLUS_TEMPLATES,16,1,p95,p95,391,391,0.0,0.0,0.0,1.0,1.0430486999994173,1.0572358499994152,99.109375,106.8203125,False,3,2,0.04225352112676056,0.028169014084507043,1.0572358499994152,106.8203125
WCL,COMMUTATION_PLUS_TEMPLATES,16,10,p95,p95,391,391,22.561545564916365,3.8028169014084456,0.948849104859335,0.05115089514066496,2.2060350999963703,9.958754849997376,142.98046875,145.185546875,True,9,0,0.1267605633802817,0.0,9.958754849997376,145.185546875
WCL,COMMUTATION_PLUS_TEMPLATES,16,30,p95,p95,391,391,22.535212714838003,4.0000000000000036,0.9616368286445013,0.03836317135549872,2.1992417000001296,27.469639949998964,143.00390625,146.73046875,False,0,4,0.0,0.056338028169014086,27.469639949998964,146.73046875
WCL,COMMUTATION_PLUS_TEMPLATES,16,120,p95,p95,391,391,22.706658430478466,4.040404040404044,0.9744245524296675,0.02557544757033248,2.1977975999980117,27.260637800005497,143.00390625,147.265625,False,0,3,0.0,0.04225352112676056,27.260637800005497,147.265625
WCL,COMMUTATION_PLUS_TEMPLATES,64,1,p95,p95,391,391,0.0,0.0,0.0,1.0,1.0430286999981035,1.0566971500029467,98.796875,107.57421875,True,5,0,0.07042253521126761,0.0,1.0566971500029467,107.57421875
WCL,COMMUTATION_PLUS_TEMPLATES,64,10,p95,p95,391,391,22.674073866732662,4.7887323943662015,0.9462915601023018,0.05370843989769821,2.2375252000001637,10.027652850001687,142.9375,145.353515625,True,0,0,0.0,0.0,10.027652850001687,145.353515625
WCL,COMMUTATION_PLUS_TEMPLATES,64,30,p95,p95,391,391,22.77515248343454,5.7046979865771785,0.9641943734015346,0.03580562659846547,2.2145553000009386,24.508148449998544,142.9375,146.576171875,True,2,0,0.028169014084507043,0.0,24.508148449998544,146.576171875
WCL,COMMUTATION_PLUS_TEMPLATES,64,120,p95,p95,391,391,22.842538227902462,5.72390572390572,0.9744245524296675,0.02557544757033248,2.2059560000052443,17.946090249999997,142.95703125,147.15625,False,1,1,0.014084507042253521,0.014084507042253521,17.946090249999997,147.15625
